/*
SQLyog Ultimate v11.42 (64 bit)
MySQL - 5.7.16-log : Database - zzhjoa
*********************************************************************
*/

/*!40101 SET NAMES utf8 */;

/*!40101 SET SQL_MODE=''*/;

/*!40014 SET @OLD_UNIQUE_CHECKS=@@UNIQUE_CHECKS, UNIQUE_CHECKS=0 */;
/*!40014 SET @OLD_FOREIGN_KEY_CHECKS=@@FOREIGN_KEY_CHECKS, FOREIGN_KEY_CHECKS=0 */;
/*!40101 SET @OLD_SQL_MODE=@@SQL_MODE, SQL_MODE='NO_AUTO_VALUE_ON_ZERO' */;
/*!40111 SET @OLD_SQL_NOTES=@@SQL_NOTES, SQL_NOTES=0 */;
CREATE DATABASE /*!32312 IF NOT EXISTS*/`zzhjoa` /*!40100 DEFAULT CHARACTER SET utf8 */;

USE `zzhjoa`;

/*Table structure for table `abnormal` */

DROP TABLE IF EXISTS `abnormal`;

CREATE TABLE `abnormal` (
  `id` int(11) NOT NULL AUTO_INCREMENT,
  `user_id` int(11) DEFAULT NULL,
  `abnormal_type` varchar(20) DEFAULT NULL,
  `abnormal_date` datetime DEFAULT NULL,
  `abnormal_text` varchar(250) DEFAULT NULL,
  `DATE` datetime DEFAULT NULL,
  `approver` varchar(20) DEFAULT NULL,
  `state` varchar(20) DEFAULT NULL,
  PRIMARY KEY (`id`)
) ENGINE=InnoDB AUTO_INCREMENT=5 DEFAULT CHARSET=utf8;

/*Data for the table `abnormal` */

insert  into `abnormal`(`id`,`user_id`,`abnormal_type`,`abnormal_date`,`abnormal_text`,`DATE`,`approver`,`state`) values (2,52,'下午','2017-06-16 18:00:00','','2017-06-16 06:02:14',NULL,'待审批'),(4,22,'下午','2017-07-13 14:38:00','机器损坏。','2017-07-25 02:48:50',NULL,'待审批');

/*Table structure for table `bus_card` */

DROP TABLE IF EXISTS `bus_card`;

CREATE TABLE `bus_card` (
  `id` int(11) NOT NULL AUTO_INCREMENT,
  `card_number` varchar(60) DEFAULT NULL,
  `state` varchar(5) DEFAULT NULL,
  PRIMARY KEY (`id`)
) ENGINE=InnoDB AUTO_INCREMENT=5 DEFAULT CHARSET=utf8;

/*Data for the table `bus_card` */

insert  into `bus_card`(`id`,`card_number`,`state`) values (1,'001','可用'),(2,'002','可用'),(3,'003','可用'),(4,'004','可用');

/*Table structure for table `bus_card_record` */

DROP TABLE IF EXISTS `bus_card_record`;

CREATE TABLE `bus_card_record` (
  `id` int(11) NOT NULL AUTO_INCREMENT,
  `bus_card_id` int(11) DEFAULT NULL,
  `user_id` int(11) DEFAULT NULL,
  `START` varchar(30) DEFAULT NULL,
  `over` varchar(30) DEFAULT NULL,
  `start_date` varchar(30) DEFAULT NULL,
  `over_date` varchar(30) DEFAULT NULL,
  `start_money` float DEFAULT NULL,
  `over_money` float DEFAULT NULL,
  PRIMARY KEY (`id`),
  KEY `bus_card_id` (`bus_card_id`),
  KEY `user_id` (`user_id`),
  CONSTRAINT `bus_card_record_ibfk_1` FOREIGN KEY (`bus_card_id`) REFERENCES `bus_card` (`id`),
  CONSTRAINT `bus_card_record_ibfk_2` FOREIGN KEY (`user_id`) REFERENCES `users` (`id`) ON DELETE CASCADE
) ENGINE=InnoDB AUTO_INCREMENT=8 DEFAULT CHARSET=utf8;

/*Data for the table `bus_card_record` */

insert  into `bus_card_record`(`id`,`bus_card_id`,`user_id`,`START`,`over`,`start_date`,`over_date`,`start_money`,`over_money`) values (3,2,18,'公司','林语墅','2017-08-02 14:08','2017-08-02 15:40',56,53),(5,3,8,'公司','海淀','2017-08-04 08:01','2017-08-04 16:00',81,68),(6,1,3,'公司','卢沟桥','2017-08-04 11:08','2017-08-04 17:53',38,26),(7,2,14,'公司','卢沟桥','2017-08-04 11:13','2017-08-04 22:33',25,13);

/*Table structure for table `car` */

DROP TABLE IF EXISTS `car`;

CREATE TABLE `car` (
  `id` int(11) NOT NULL AUTO_INCREMENT,
  `carNo` varchar(20) DEFAULT NULL,
  `carName` varchar(20) DEFAULT NULL,
  `state` varchar(10) DEFAULT NULL,
  PRIMARY KEY (`id`)
) ENGINE=InnoDB AUTO_INCREMENT=12 DEFAULT CHARSET=utf8;

/*Data for the table `car` */

insert  into `car`(`id`,`carNo`,`carName`,`state`) values (7,'京GZQ102','金杯','不可用'),(8,'京E74294','金杯','不可用'),(9,'京N30F41','哈弗H6','可用'),(10,'豫A9B15D','宝马','可用'),(11,'京NXX932','奔驰','可用');

/*Table structure for table `car_info` */

DROP TABLE IF EXISTS `car_info`;

CREATE TABLE `car_info` (
  `id` int(11) NOT NULL AUTO_INCREMENT,
  `carId` int(11) DEFAULT NULL,
  `requestName` varchar(20) DEFAULT NULL,
  `driver` varchar(20) DEFAULT NULL,
  `departmentName` varchar(20) DEFAULT NULL,
  `requestText` text,
  `startDate` varchar(25) DEFAULT NULL,
  `startNumber` float DEFAULT NULL,
  `overDate` varchar(25) DEFAULT NULL,
  `overNumber` float DEFAULT NULL,
  PRIMARY KEY (`id`),
  KEY `carId` (`carId`),
  CONSTRAINT `car_info_ibfk_1` FOREIGN KEY (`carId`) REFERENCES `car` (`id`)
) ENGINE=InnoDB AUTO_INCREMENT=29 DEFAULT CHARSET=utf8;

/*Data for the table `car_info` */

insert  into `car_info`(`id`,`carId`,`requestName`,`driver`,`departmentName`,`requestText`,`startDate`,`startNumber`,`overDate`,`overNumber`) values (12,9,'耿玉杰','耿玉杰','工程部 ','礼贤东区水厂做点','2017-08-02 07:30',65129,'2017-08-02 22:53',65238),(14,7,'耿玉杰','李万超','工程部','海淀经四路   和经四西路导线和水准','2017-08-03 18:36',226027,'2017-08-02 22:54',226157),(15,9,'耿玉杰','耿玉杰','工程部','经四路 水准    ','2017-08-04 07:30',65310,'2017-08-02 22:54',65347),(18,7,'耿玉杰','李万超','工程部','姜厂村02-1-1地块住宅竣工','2017-08-04 08:03',226157,'2017-08-04 08:08',226157),(25,9,'耿玉杰','耿玉杰','工程部','经四路水准   驾驶位前挡风玻璃有一条裂缝5号中午看见的','2017-08-05 07:30',65347,'2017-08-05 19:13',65554),(26,9,'魏桂兴','魏桂兴','地理信息','送人','2017-08-04 21:00',65412,'2017-08-04 22:32',65412),(27,8,'耿玉杰','李万超','工程部','姜厂村竣工','2017-08-07 08:32',85007,NULL,0),(28,7,'耿玉杰','崔师傅','工程部','海淀水准','2017-08-07 08:32',226157,NULL,0);

/*Table structure for table `contract` */

DROP TABLE IF EXISTS `contract`;

CREATE TABLE `contract` (
  `id` int(11) NOT NULL AUTO_INCREMENT,
  `TYPE` varchar(60) DEFAULT NULL,
  `NAME` varchar(60) DEFAULT NULL,
  `partyA` varchar(20) DEFAULT NULL,
  `partyB` varchar(20) DEFAULT NULL,
  PRIMARY KEY (`id`)
) ENGINE=InnoDB DEFAULT CHARSET=utf8;

/*Data for the table `contract` */

/*Table structure for table `department` */

DROP TABLE IF EXISTS `department`;

CREATE TABLE `department` (
  `id` int(11) NOT NULL AUTO_INCREMENT,
  `NAME` varchar(20) DEFAULT NULL,
  PRIMARY KEY (`id`)
) ENGINE=InnoDB AUTO_INCREMENT=16 DEFAULT CHARSET=utf8;

/*Data for the table `department` */

insert  into `department`(`id`,`NAME`) values (8,'测绘部'),(9,'房产经纪部'),(10,'地理信息部'),(11,'工装设计部'),(12,'人事部'),(13,'行政部'),(14,'财务部'),(15,'总经办');

/*Table structure for table `departure` */

DROP TABLE IF EXISTS `departure`;

CREATE TABLE `departure` (
  `id` int(11) NOT NULL AUTO_INCREMENT,
  `requestName` varchar(20) DEFAULT NULL,
  `DATE` date DEFAULT NULL,
  `departureDate` date DEFAULT NULL,
  `departureText` varchar(250) DEFAULT NULL,
  `approver` varchar(20) DEFAULT NULL,
  `state` varchar(20) DEFAULT NULL,
  PRIMARY KEY (`id`)
) ENGINE=InnoDB DEFAULT CHARSET=utf8;

/*Data for the table `departure` */

/*Table structure for table `expense` */

DROP TABLE IF EXISTS `expense`;

CREATE TABLE `expense` (
  `id` int(11) NOT NULL AUTO_INCREMENT,
  `requestName` varchar(20) DEFAULT NULL,
  `expenseText` varchar(250) DEFAULT NULL,
  `money` float DEFAULT NULL,
  `DATE` date DEFAULT NULL,
  `approver` varchar(20) DEFAULT NULL,
  `state` varchar(20) DEFAULT NULL,
  PRIMARY KEY (`id`)
) ENGINE=InnoDB DEFAULT CHARSET=utf8;

/*Data for the table `expense` */

/*Table structure for table `feedback` */

DROP TABLE IF EXISTS `feedback`;

CREATE TABLE `feedback` (
  `id` int(11) NOT NULL AUTO_INCREMENT,
  `request_name` varchar(10) DEFAULT NULL,
  `request_date` date DEFAULT NULL,
  `task_id` int(11) DEFAULT NULL,
  `info` varchar(250) DEFAULT NULL,
  `refuse_info` varchar(250) DEFAULT NULL,
  `approver` varchar(10) DEFAULT NULL,
  `over_date` date DEFAULT NULL,
  `state` varchar(5) DEFAULT NULL,
  PRIMARY KEY (`id`),
  KEY `task_id` (`task_id`),
  CONSTRAINT `feedback_ibfk_1` FOREIGN KEY (`task_id`) REFERENCES `tasks` (`id`)
) ENGINE=InnoDB AUTO_INCREMENT=4 DEFAULT CHARSET=utf8;

/*Data for the table `feedback` */

insert  into `feedback`(`id`,`request_name`,`request_date`,`task_id`,`info`,`refuse_info`,`approver`,`over_date`,`state`) values (1,'aaaa','2017-07-21',6,'qeqwe','dawwwwwwwwwwwwwwwwwwwwwwwwwwwwwwwwwwwwwwwwwwwwwwwwwwwwwwwwwwwwwwwwzzzzzzzzzzzzzzzzzzzzzzzzzzzzzzzzzzzzzzzzzzzzzzzzzzzzzzzzzzzzzzzzzzzzzzzzzzzzzzzzzzzzzzzzzzzzzz','张武典','2017-07-21','以打回'),(3,'aaaa','2017-07-25',6,'时间不足，请求延长工作周期、',NULL,'张武典',NULL,'待审批');

/*Table structure for table `function` */

DROP TABLE IF EXISTS `function`;

CREATE TABLE `function` (
  `id` int(11) NOT NULL AUTO_INCREMENT,
  `TEXT` varchar(50) DEFAULT NULL,
  `url` varchar(200) DEFAULT NULL,
  `parentId` int(11) DEFAULT NULL,
  `state` varchar(10) DEFAULT NULL,
  `icon` varchar(20) DEFAULT NULL,
  PRIMARY KEY (`id`)
) ENGINE=InnoDB AUTO_INCREMENT=58 DEFAULT CHARSET=utf8;

/*Data for the table `function` */

insert  into `function`(`id`,`TEXT`,`url`,`parentId`,`state`,`icon`) values (1,'出勤管理',NULL,NULL,'closed','icon-cq'),(2,'人事管理',NULL,NULL,'closed','icon-rs'),(3,'工作任务管理',NULL,NULL,'closed','icon-gr'),(4,'办公物品管理',NULL,NULL,'closed','icon-bx'),(5,'行政管理',NULL,NULL,'closed','icon-xz'),(6,'统计报表',NULL,NULL,'closed','icon-tj'),(7,'公告管理',NULL,NULL,'closed','icon-gg'),(8,'审批管理',NULL,NULL,'closed','icon-sp'),(9,'合同管理',NULL,NULL,'closed','icon-ht'),(10,'工作报告管理',NULL,NULL,'closed','icon-gz'),(11,'用户权限管理',NULL,NULL,'closed','icon-yongHu'),(12,'盖章管理',NULL,NULL,'closed','icon-gaiZhang'),(13,'用车信息','istrativeManager\\carInfo.jsp',5,'open',NULL),(14,'用户信息','userRole\\userManager.jsp',11,'open',NULL),(15,'角色管理','userRole\\roleManager.jsp',11,'open',NULL),(28,'请假/休假','kaoQin\\rest.jsp',1,'open',NULL),(29,'打卡异常','kaoQin\\abnormal.jsp',1,'open',NULL),(30,'工作报告','jobLog\\jobLog.jsp',10,'open',NULL),(31,'写日志','jobLog\\writeLog.jsp',10,'open',NULL),(32,'资质章申请','seal\\apply.jsp',12,'open',NULL),(33,'资质章审批','seal\\approve.jsp',8,'open',NULL),(34,'公章申请','seal\\apply_officialSeal.jsp',12,'open',NULL),(35,'公章审批','seal\\approve_officialSeal.jsp',8,'open',NULL),(36,'公章经办','seal\\handling_officialSeal.jsp',5,'open',NULL),(37,'资质章经办','seal\\handling.jsp',5,'open',NULL),(39,'公交一卡通管理','busCard\\busCardRecord.jsp',5,'open',NULL),(40,'发布公告','notice\\writeNotice.jsp',7,'open',NULL),(41,'个人信息',NULL,NULL,'closed','icon-grxx'),(42,'修改完善信息','userRole\\writeUser.jsp',41,'open',NULL),(43,'员工通讯录','HRManager\\userInfo.jsp',2,'open',NULL),(44,'发布任务','task\\addtask.html',3,'open',NULL),(45,'下达任务','task\\queryOwnTask.html',3,'open',NULL),(46,'查看所有任务','task\\queryAllTask.html',3,'open',NULL),(47,'接收任务','task\\OwnTask.html',3,'open',NULL),(48,'审批反馈信息','task\\feedbackApproval.html',3,'open',NULL),(49,'申请任务反馈信息','task\\requestFeedback.html',3,'open',NULL),(50,'公告管理','notice\\noticeManager.jsp',7,'open',NULL),(51,'工作质量检测','task\\qualityTask.html',3,'open',NULL),(52,'办公用品申请','manageGoods\\applyItems.html',4,'open',NULL),(53,'查看申请单','manageGoods\\approvalResultItems.html',4,'open',NULL),(54,'办公用品审批','manageGoods\\subjectItems.html',4,'open',NULL),(55,'办公用品管理','manageGoods\\viewAllItems.html',4,'open',NULL),(56,'请假审批','kaoQin\\ApprovalLeave.html',1,'open',NULL),(57,'请假管理','kaoQin\\manageLeave.html',1,'open',NULL);

/*Table structure for table `function_roles` */

DROP TABLE IF EXISTS `function_roles`;

CREATE TABLE `function_roles` (
  `id` int(11) NOT NULL AUTO_INCREMENT,
  `role_id` int(11) DEFAULT NULL,
  `function_id` int(11) DEFAULT NULL,
  PRIMARY KEY (`id`),
  KEY `functionId` (`function_id`),
  KEY `roleId` (`role_id`),
  CONSTRAINT `function_roles_ibfk_1` FOREIGN KEY (`function_id`) REFERENCES `function` (`id`),
  CONSTRAINT `function_roles_ibfk_2` FOREIGN KEY (`role_id`) REFERENCES `roles` (`id`)
) ENGINE=InnoDB AUTO_INCREMENT=1518 DEFAULT CHARSET=utf8;

/*Data for the table `function_roles` */

insert  into `function_roles`(`id`,`role_id`,`function_id`) values (1,1,1),(2,1,2),(3,1,3),(4,1,4),(5,1,5),(6,1,6),(7,1,7),(8,1,8),(9,1,9),(10,1,10),(11,1,11),(12,1,12),(13,1,13),(14,1,14),(17,1,15),(35,1,28),(36,1,29),(37,1,30),(59,1,31),(164,1,32),(169,1,33),(186,1,34),(187,1,35),(211,1,36),(212,1,37),(213,1,39),(233,1,40),(234,1,41),(235,1,42),(240,1,43),(241,1,44),(260,1,45),(273,1,46),(280,1,47),(286,1,49),(287,1,48),(481,1,50),(603,1,51),(661,1,52),(662,1,53),(663,1,54),(664,1,55),(665,1,56),(666,1,57),(830,15,1),(831,15,28),(832,15,29),(833,15,2),(834,15,43),(835,15,3),(836,15,51),(837,15,4),(838,15,52),(839,15,53),(840,15,13),(841,15,39),(842,15,6),(843,15,7),(844,15,40),(845,15,9),(846,15,10),(847,15,30),(848,15,31),(849,15,12),(850,15,32),(851,15,34),(852,15,41),(853,15,42),(894,13,1),(895,13,28),(896,13,29),(897,13,2),(898,13,43),(899,13,4),(900,13,52),(901,13,53),(902,13,5),(903,13,13),(904,13,39),(905,13,6),(906,13,7),(907,13,40),(908,13,50),(909,13,9),(910,13,10),(911,13,30),(912,13,31),(913,13,12),(914,13,32),(915,13,34),(916,13,41),(917,13,42),(918,14,1),(919,14,28),(920,14,29),(921,14,2),(922,14,43),(923,14,3),(924,14,46),(925,14,4),(926,14,52),(927,14,53),(928,14,5),(929,14,13),(930,14,39),(931,14,6),(932,14,7),(933,14,40),(934,14,9),(935,14,10),(936,14,30),(937,14,31),(938,14,12),(939,14,32),(940,14,34),(941,14,41),(942,14,42),(1316,4,1),(1317,4,28),(1318,4,29),(1319,4,2),(1320,4,43),(1321,4,3),(1322,4,47),(1323,4,49),(1324,4,4),(1325,4,52),(1326,4,53),(1327,4,5),(1328,4,13),(1329,4,39),(1330,4,6),(1331,4,7),(1332,4,40),(1333,4,9),(1334,4,10),(1335,4,30),(1336,4,31),(1337,4,12),(1338,4,32),(1339,4,34),(1340,4,41),(1341,4,42),(1342,3,1),(1343,3,28),(1344,3,29),(1345,3,56),(1346,3,2),(1347,3,43),(1348,3,3),(1349,3,47),(1350,3,48),(1351,3,49),(1352,3,4),(1353,3,52),(1354,3,53),(1355,3,5),(1356,3,13),(1357,3,39),(1358,3,6),(1359,3,7),(1360,3,40),(1361,3,9),(1362,3,10),(1363,3,30),(1364,3,31),(1365,3,12),(1366,3,32),(1367,3,34),(1368,3,41),(1369,3,42),(1370,2,1),(1371,2,28),(1372,2,29),(1373,2,56),(1374,2,2),(1375,2,43),(1376,2,3),(1377,2,45),(1378,2,46),(1379,2,48),(1380,2,49),(1381,2,4),(1382,2,52),(1383,2,53),(1384,2,5),(1385,2,13),(1386,2,39),(1387,2,6),(1388,2,7),(1389,2,40),(1390,2,9),(1391,2,10),(1392,2,30),(1393,2,31),(1394,2,12),(1395,2,32),(1396,2,34),(1397,2,41),(1398,2,42),(1399,8,1),(1400,8,28),(1401,8,29),(1402,8,56),(1403,8,57),(1404,8,2),(1405,8,43),(1406,8,3),(1407,8,44),(1408,8,46),(1409,8,48),(1410,8,4),(1411,8,52),(1412,8,53),(1413,8,5),(1414,8,13),(1415,8,39),(1416,8,6),(1417,8,7),(1418,8,40),(1419,8,8),(1420,8,33),(1421,8,35),(1422,8,9),(1423,8,10),(1424,8,30),(1425,8,31),(1426,8,12),(1427,8,32),(1428,8,34),(1429,8,41),(1430,8,42),(1431,7,1),(1432,7,28),(1433,7,29),(1434,7,56),(1435,7,57),(1436,7,2),(1437,7,43),(1438,7,3),(1439,7,44),(1440,7,46),(1441,7,48),(1442,7,4),(1443,7,52),(1444,7,53),(1445,7,54),(1446,7,55),(1447,7,5),(1448,7,13),(1449,7,39),(1450,7,6),(1451,7,7),(1452,7,40),(1453,7,50),(1454,7,8),(1455,7,33),(1456,7,35),(1457,7,9),(1458,7,10),(1459,7,30),(1460,7,31),(1461,7,11),(1462,7,14),(1463,7,15),(1464,7,41),(1465,7,42),(1466,12,1),(1467,12,28),(1468,12,29),(1469,12,57),(1470,12,2),(1471,12,43),(1472,12,4),(1473,12,52),(1474,12,53),(1475,12,54),(1476,12,55),(1477,12,5),(1478,12,13),(1479,12,36),(1480,12,37),(1481,12,39),(1482,12,6),(1483,12,7),(1484,12,40),(1485,12,50),(1486,12,9),(1487,12,10),(1488,12,30),(1489,12,31),(1490,12,12),(1491,12,32),(1492,12,34),(1493,12,41),(1494,12,42),(1495,18,1),(1496,18,28),(1497,18,29),(1498,18,2),(1499,18,43),(1500,18,4),(1501,18,52),(1502,18,53),(1503,18,5),(1504,18,13),(1505,18,39),(1506,18,6),(1507,18,7),(1508,18,40),(1509,18,9),(1510,18,10),(1511,18,30),(1512,18,31),(1513,18,12),(1514,18,32),(1515,18,34),(1516,18,41),(1517,18,42);

/*Table structure for table `joblog` */

DROP TABLE IF EXISTS `joblog`;

CREATE TABLE `joblog` (
  `id` int(11) NOT NULL AUTO_INCREMENT,
  `user_id` int(11) DEFAULT NULL,
  `theme` varchar(60) DEFAULT NULL,
  `text` text,
  `date` date DEFAULT NULL,
  `type` varchar(10) DEFAULT NULL,
  PRIMARY KEY (`id`),
  KEY `user_id` (`user_id`),
  CONSTRAINT `joblog_ibfk_1` FOREIGN KEY (`user_id`) REFERENCES `users` (`id`) ON DELETE CASCADE
) ENGINE=InnoDB AUTO_INCREMENT=17 DEFAULT CHARSET=utf8;

/*Data for the table `joblog` */

insert  into `joblog`(`id`,`user_id`,`theme`,`text`,`date`,`type`) values (1,1,'7-25 OA 系统说明','<p><img src=\"http://img.baidu.com/hi/jx2/j_0015.gif\"/></p>','2017-07-26','工作日报'),(2,22,'7-25 OA 系统说明','<p><img src=\"http://img.baidu.com/hi/jx2/j_0002.gif\"/></p>','2017-07-26','工作日报'),(4,30,'首开龙湖地籍调查项目','<p>上午去了房山国土局，送网传数据和地籍测量报告，收件人员提出该项目的坐落有误，出让合同和拨地钉桩的坐落全部为房山区长阳镇，应为房山区拱辰街道，要求我们测绘单位将上传的数据和地籍测量报告中的坐落调整过来再报送过去。此事通知甲方后，甲方提出暂时不做修改，他们与国土局沟通后再确定，具体消息在今天下午四点回复我们，如仍需修改，明天还需要继续去房山国土局。<br/></p>','2017-08-01','工作日报'),(5,8,'2017年8月2日房产日报','<table width=\"752\"><tbody><tr class=\"firstRow\"><td width=\"191\" valign=\"top\" style=\"word-break: break-all;\"><span style=\"font-size: 10px;\">项目名称</span></td><td width=\"192\" valign=\"top\" style=\"word-break: break-all;\"><span style=\"font-size: 10px;\">项目负责人</span></td><td width=\"192\" valign=\"top\" style=\"word-break: break-all;\"><span style=\"font-size: 10px;\">项目组员</span></td><td width=\"192\" valign=\"top\" style=\"word-break: break-all;\"><span style=\"font-size: 10px;\">进展状态</span></td></tr><tr><td width=\"191\" valign=\"top\" style=\"word-break: break-all;\"><span style=\"font-size: 10px;\">中铁西区备案</span></td><td width=\"192\" valign=\"top\" style=\"word-break: break-all;\"><span style=\"font-size: 10px;\">杜雪峰</span></td><td width=\"192\" valign=\"top\" style=\"word-break: break-all;\"><span style=\"font-size: 10px;\">张景颜、唐天玮</span></td><td width=\"192\" valign=\"top\" style=\"word-break: break-all;\"><span style=\"font-size: 10px;\">住宅和配套的现场已经和报规图对完，正在汇总结果。问题严重的是25#配套，因为甲方正在办公使用，所以现场改动较大。周五给甲方一个汇总的电子版结果</span></td></tr><tr><td width=\"191\" valign=\"top\" style=\"word-break: break-all;\"><span style=\"font-size: 10px;\">鸿坤0306地块</span></td><td width=\"192\" valign=\"top\" style=\"word-break: break-all;\"><span style=\"font-size: 12px;\">杜雪峰</span></td><td width=\"192\" valign=\"top\" style=\"word-break: break-all;\"><span style=\"font-size: 10px;\">吕韬</span></td><td width=\"192\" valign=\"top\" style=\"word-break: break-all;\"><span style=\"font-size: 10px;\">重新整理草图、对报规图</span></td></tr><tr><td width=\"191\" valign=\"top\" style=\"word-break: break-all;\"><p><span style=\"font-size: 10px;\">印刷学院</span></p><p><span style=\"font-size: 10px;\">绿色印刷包装产业技术科研（实习、实训）楼（绿色包装产业技术科研（实习、实训）楼工程）</span></p></td><td width=\"192\" valign=\"top\" style=\"word-break: break-all;\"><span style=\"font-size: 12px;\">张景颜</span></td><td width=\"192\" valign=\"top\" style=\"word-break: break-all;\"><br/></td><td width=\"192\" valign=\"top\" style=\"word-break: break-all;\"><span style=\"font-size: 10px;\">已经交质检</span></td></tr></tbody></table><p><br/></p>','2017-08-02','工作日报'),(6,12,'2017.8.2','<p>上午：去中铁；下午：整理确权变更（马帅）。</p><p>&nbsp;上午，孙营村变更检查。下午，不动产登记暂行条例实施细则，潘一宁2017.8.2&nbsp;</p><p><br/></p>','2017-08-02','工作日报'),(7,13,'0802测绘进度','<table width=\"2246\" style=\"width: 752px;\"><colgroup><col width=\"42\"/><col width=\"559\"/><col width=\"454\"/><col width=\"346\"/><col width=\"220\"/><col width=\"469\"/><col width=\"437\"/><col width=\"468\"/></colgroup><tbody><tr class=\"firstRow\"><td class=\"et5\" colspan=\"7\" width=\"1599\" style=\"font-size: 20pt; text-align: center; vertical-align: middle;\"><span class=\"font3\">测绘</span><span class=\"font0\">&nbsp;&nbsp;工程&nbsp;&nbsp;</span><span class=\"font3\">&nbsp;部工作日报表</span></td><td><br/></td></tr><tr><td class=\"et6\" width=\"31\" style=\"font-size: 12pt; font-weight: 700; text-align: center; vertical-align: middle; border-width: 0.5pt; border-color: rgb(0, 0, 0);\">序号</td><td class=\"et6\" width=\"419\" style=\"font-size: 12pt; font-weight: 700; text-align: center; vertical-align: middle; border-width: 0.5pt; border-color: rgb(0, 0, 0);\">项目名称</td><td class=\"et6\" width=\"340\" style=\"font-size: 12pt; font-weight: 700; text-align: center; vertical-align: middle; border-width: 0.5pt; border-color: rgb(0, 0, 0);\">项目负责人</td><td class=\"et6\" width=\"259\" style=\"font-size: 12pt; font-weight: 700; text-align: center; vertical-align: middle; border-width: 0.5pt; border-color: rgb(0, 0, 0);\">项目组员</td><td class=\"et6\" width=\"165\" style=\"font-size: 12pt; font-weight: 700; text-align: center; vertical-align: middle; border-width: 0.5pt; border-color: rgb(0, 0, 0);\">开始时间</td><td class=\"et6\" width=\"351\" style=\"font-size: 12pt; font-weight: 700; text-align: center; vertical-align: middle; border-width: 0.5pt; border-color: rgb(0, 0, 0);\">进展状态</td><td class=\"et6\" width=\"327\" style=\"font-size: 12pt; font-weight: 700; text-align: center; vertical-align: middle; border-width: 0.5pt; border-color: rgb(0, 0, 0);\">备注</td><td><br/></td></tr><tr><td class=\"et7\" width=\"31\" style=\"font-size: 12pt; text-align: center; vertical-align: middle; border-width: 0.5pt; border-color: rgb(0, 0, 0);\">1</td><td class=\"et8\" width=\"419\" style=\"font-size: 12pt; text-align: center; vertical-align: middle; border-width: 0.5pt; border-color: rgb(0, 0, 0); background: rgb(228, 223, 236);\">经四路和经四西路工程</td><td class=\"et8\" width=\"340\" style=\"font-size: 12pt; text-align: center; vertical-align: middle; border-width: 0.5pt; border-color: rgb(0, 0, 0); background: rgb(228, 223, 236);\">赵阳阳</td><td class=\"et9\" width=\"259\" style=\"font-size: 12pt; vertical-align: middle; border-width: 0.5pt; border-color: rgb(0, 0, 0); background: rgb(228, 223, 236);\">王浩&nbsp;&nbsp;周军亚&nbsp;王振昌&nbsp;&nbsp;高世奇&nbsp;&nbsp;王利标&nbsp;&nbsp;张武典</td><td class=\"et8\" width=\"165\" style=\"font-size: 12pt; text-align: center; vertical-align: middle; border-width: 0.5pt; border-color: rgb(0, 0, 0); background: rgb(228, 223, 236);\">20170725</td><td class=\"et10\" width=\"351\" style=\"font-size: 12pt; text-align: center; vertical-align: middle; white-space: normal; border-width: 0.5pt; border-color: rgb(0, 0, 0); background: rgb(228, 223, 236);\">道路竣工外业完成&nbsp;&nbsp;管线竣工差再生水的</td><td class=\"et10\" width=\"327\" style=\"font-size: 12pt; text-align: center; vertical-align: middle; white-space: normal; border-width: 0.5pt; border-color: rgb(0, 0, 0); background: rgb(228, 223, 236);\">T型头钩子还没到井打不开（之前做的钩子不能用）应采育地形27.28停工，导线测量完成70%，水准测量完成40%</td><td><br/></td></tr><tr><td class=\"et7\" width=\"31\" style=\"font-size: 12pt; text-align: center; vertical-align: middle; border-width: 0.5pt; border-color: rgb(0, 0, 0);\">2</td><td class=\"et8\" width=\"419\" style=\"font-size: 12pt; text-align: center; vertical-align: middle; border-width: 0.5pt; border-color: rgb(0, 0, 0); background: rgb(228, 223, 236);\">水厂东区做控制点和送流转地图</td><td class=\"et8\" width=\"340\" style=\"font-size: 12pt; text-align: center; vertical-align: middle; border-width: 0.5pt; border-color: rgb(0, 0, 0); background: rgb(228, 223, 236);\">郭文强</td><td class=\"et9\" width=\"259\" style=\"font-size: 12pt; vertical-align: middle; border-width: 0.5pt; border-color: rgb(0, 0, 0); background: rgb(228, 223, 236);\">耿玉杰</td><td class=\"et8\" width=\"165\" style=\"font-size: 12pt; text-align: center; vertical-align: middle; border-width: 0.5pt; border-color: rgb(0, 0, 0); background: rgb(228, 223, 236);\">20170802</td><td class=\"et10\" width=\"351\" style=\"font-size: 12pt; text-align: center; vertical-align: middle; white-space: normal; border-width: 0.5pt; border-color: rgb(0, 0, 0); background: rgb(228, 223, 236);\">未完成</td><td class=\"et8\" width=\"327\" style=\"font-size: 12pt; text-align: center; vertical-align: middle; border-width: 0.5pt; border-color: rgb(0, 0, 0); background: rgb(228, 223, 236);\">明天需要和镇里核对祁各庄图&nbsp;&nbsp;东区水厂新做控制需要走水准</td><td><br/></td></tr><tr><td class=\"et7\" width=\"31\" style=\"font-size: 12pt; text-align: center; vertical-align: middle; border-width: 0.5pt; border-color: rgb(0, 0, 0);\">3</td><td class=\"et8\" width=\"419\" style=\"font-size: 12pt; text-align: center; vertical-align: middle; border-width: 0.5pt; border-color: rgb(0, 0, 0); background: rgb(228, 223, 236);\">中轴路地形</td><td class=\"et8\" width=\"340\" style=\"font-size: 12pt; text-align: center; vertical-align: middle; border-width: 0.5pt; border-color: rgb(0, 0, 0); background: rgb(228, 223, 236);\">武建江</td><td class=\"et9\" width=\"259\" style=\"font-size: 12pt; vertical-align: middle; border-width: 0.5pt; border-color: rgb(0, 0, 0); background: rgb(228, 223, 236);\">项目部9人</td><td class=\"et8\" width=\"165\" style=\"font-size: 12pt; text-align: center; vertical-align: middle; border-width: 0.5pt; border-color: rgb(0, 0, 0); background: rgb(228, 223, 236);\">20170719</td><td class=\"et10\" width=\"351\" style=\"font-size: 12pt; text-align: center; vertical-align: middle; white-space: normal; border-width: 0.5pt; border-color: rgb(0, 0, 0); background: rgb(228, 223, 236);\">外业完成90%</td><td class=\"et8\" width=\"327\" style=\"font-size: 12pt; text-align: center; vertical-align: middle; border-width: 0.5pt; border-color: rgb(0, 0, 0); background: rgb(228, 223, 236);\"><br/></td><td><br/></td></tr><tr><td class=\"et2\" width=\"31\" style=\"font-size: 12pt; text-align: center; vertical-align: middle;\"><br/></td><td class=\"et1\" width=\"419\" style=\"font-size: 12pt; vertical-align: middle;\"><br/></td><td class=\"et2\" width=\"340\" style=\"font-size: 12pt; text-align: center; vertical-align: middle;\"><br/></td><td class=\"et1\" width=\"259\" style=\"font-size: 12pt; vertical-align: middle;\"><br/></td><td class=\"et2\" width=\"165\" style=\"font-size: 12pt; text-align: center; vertical-align: middle;\"><br/></td><td class=\"et13\" width=\"351\" style=\"font-size: 12pt; text-align: center; vertical-align: middle; white-space: normal;\"><br/></td><td class=\"et1\" width=\"327\" style=\"font-size: 12pt; vertical-align: middle;\"><br/></td><td><br/></td></tr><tr><td class=\"et2\" width=\"31\" style=\"font-size: 12pt; text-align: center; vertical-align: middle;\"><br/></td><td class=\"et5\" colspan=\"7\" width=\"2283\" style=\"font-size: 20pt; text-align: center; vertical-align: middle;\"><span class=\"font3\">测绘</span><span class=\"font0\">&nbsp;&nbsp;业务/投标&nbsp;&nbsp;</span><span class=\"font3\">&nbsp;部工作日报表</span></td></tr><tr><td class=\"et2\" width=\"31\" style=\"font-size: 12pt; text-align: center; vertical-align: middle;\"><br/></td><td class=\"et5\" width=\"419\" style=\"font-size: 20pt; text-align: center; vertical-align: middle;\"><br/></td><td class=\"et14\" width=\"340\" style=\"font-size: 20pt; vertical-align: middle;\"><br/></td><td class=\"et5\" width=\"259\" style=\"font-size: 20pt; text-align: center; vertical-align: middle;\"><br/></td><td class=\"et5\" width=\"165\" style=\"font-size: 20pt; text-align: center; vertical-align: middle;\"><br/></td><td class=\"et5\" width=\"351\" style=\"font-size: 20pt; text-align: center; vertical-align: middle;\"><br/></td><td class=\"et2\" colspan=\"2\" width=\"655\" style=\"font-size: 12pt; text-align: center; vertical-align: middle;\"><br/></td></tr><tr><td><br/></td><td class=\"et6\" width=\"419\" style=\"font-size: 12pt; font-weight: 700; text-align: center; vertical-align: middle; border-width: 0.5pt; border-color: rgb(0, 0, 0);\">序号</td><td class=\"et16\" width=\"340\" style=\"font-size: 12pt; font-weight: 700; vertical-align: middle; border-width: 0.5pt; border-color: rgb(0, 0, 0);\">项目名称</td><td class=\"et6\" width=\"259\" style=\"font-size: 12pt; font-weight: 700; text-align: center; vertical-align: middle; border-width: 0.5pt; border-color: rgb(0, 0, 0);\">主持人</td><td class=\"et6\" width=\"165\" style=\"font-size: 12pt; font-weight: 700; text-align: center; vertical-align: middle; border-width: 0.5pt; border-color: rgb(0, 0, 0);\">投标保证金</td><td class=\"et6\" width=\"351\" style=\"font-size: 12pt; font-weight: 700; text-align: center; vertical-align: middle; border-width: 0.5pt; border-color: rgb(0, 0, 0);\">开标地点</td><td class=\"et6\" width=\"327\" style=\"font-size: 12pt; font-weight: 700; text-align: center; vertical-align: middle; border-width: 0.5pt; border-color: rgb(0, 0, 0);\">进展状态</td><td class=\"et6\" width=\"351\" style=\"font-size: 12pt; font-weight: 700; text-align: center; vertical-align: middle; border-width: 0.5pt; border-color: rgb(0, 0, 0);\">开标时间</td></tr><tr><td><br/></td><td class=\"et17\" width=\"419\" style=\"font-size: 14pt; text-align: center; vertical-align: middle;\">1</td><td class=\"et18\" width=\"340\" style=\"font-size: 14pt; vertical-align: middle; white-space: normal; border-left-width: 0.5pt; border-left-color: rgb(0, 0, 0); border-right-width: 0.5pt; border-right-color: rgb(0, 0, 0); border-top-width: 0.5pt; border-top-color: rgb(0, 0, 0);\">丰台科技园区交通综合治理工程勘察物探</td><td class=\"et19\" width=\"259\" style=\"font-size: 14pt; text-align: center; vertical-align: middle; border-left-width: 0.5pt; border-left-color: rgb(0, 0, 0); border-right-width: 0.5pt; border-right-color: rgb(0, 0, 0); border-top-width: 0.5pt; border-top-color: rgb(0, 0, 0);\">张宇涛</td><td class=\"et20\" width=\"165\" style=\"font-size: 14pt; vertical-align: middle; border-left-width: 0.5pt; border-left-color: rgb(0, 0, 0); border-right-width: 0.5pt; border-right-color: rgb(0, 0, 0); border-top-width: 0.5pt; border-top-color: rgb(0, 0, 0);\">标书200&nbsp;保证金18000</td><td class=\"et21\" width=\"351\" style=\"font-size: 14pt; text-align: center; vertical-align: middle; white-space: normal; border-left-width: 0.5pt; border-left-color: rgb(0, 0, 0); border-right-width: 0.5pt; border-right-color: rgb(0, 0, 0); border-top-width: 0.5pt; border-top-color: rgb(0, 0, 0);\">丰台</td><td class=\"et18\" width=\"327\" style=\"font-size: 14pt; vertical-align: middle; white-space: normal; border-left-width: 0.5pt; border-left-color: rgb(0, 0, 0); border-right-width: 0.5pt; border-right-color: rgb(0, 0, 0); border-top-width: 0.5pt; border-top-color: rgb(0, 0, 0);\">7.31日上午装订，盖章<br/></td><td class=\"et20\" width=\"351\" style=\"font-size: 14pt; vertical-align: middle; border-left-width: 0.5pt; border-left-color: rgb(0, 0, 0); border-right-width: 0.5pt; border-right-color: rgb(0, 0, 0); border-top-width: 0.5pt; border-top-color: rgb(0, 0, 0);\">2017.08.16&nbsp;&nbsp;早9：30</td></tr><tr><td><br/></td><td class=\"et22\" width=\"419\" style=\"font-size: 14pt; text-align: center; vertical-align: middle; border-width: 0.5pt; border-color: rgb(0, 0, 0);\">2</td><td class=\"et23\" width=\"340\" style=\"font-size: 14pt; vertical-align: middle; border-width: 0.5pt; border-color: rgb(0, 0, 0);\">北京市通州区张家湾梁各庄220千伏输变电工程测绘</td><td class=\"et22\" width=\"259\" style=\"font-size: 14pt; text-align: center; vertical-align: middle; border-width: 0.5pt; border-color: rgb(0, 0, 0);\">张宇涛</td><td class=\"et24\" width=\"165\" style=\"font-size: 14pt; vertical-align: middle; border-width: 0.5pt; border-color: rgb(0, 0, 0);\">标书400</td><td class=\"et22\" width=\"351\" style=\"font-size: 14pt; text-align: center; vertical-align: middle; border-width: 0.5pt; border-color: rgb(0, 0, 0);\">通州张家湾镇</td><td class=\"et25\" width=\"327\" style=\"font-size: 14pt; vertical-align: middle; white-space: normal; border-width: 0.5pt; border-color: rgb(0, 0, 0);\">8.2下午已经全部打印</td><td class=\"et24\" width=\"351\" style=\"font-size: 14pt; vertical-align: middle; border-width: 0.5pt; border-color: rgb(0, 0, 0);\">2017.08.10</td></tr><tr><td><br/></td><td class=\"et22\" width=\"419\" style=\"font-size: 14pt; text-align: center; vertical-align: middle; border-width: 0.5pt; border-color: rgb(0, 0, 0);\">3</td><td class=\"et25\" width=\"340\" style=\"font-size: 14pt; vertical-align: middle; white-space: normal; border-width: 0.5pt; border-color: rgb(0, 0, 0);\">石景山区北辛安棚户区改造A、B区土地开发项目<br/>共8个地块房产面积测绘</td><td class=\"et22\" width=\"259\" style=\"font-size: 14pt; text-align: center; vertical-align: middle; border-width: 0.5pt; border-color: rgb(0, 0, 0);\">张宇涛</td><td class=\"et24\" width=\"165\" style=\"font-size: 14pt; vertical-align: middle; border-width: 0.5pt; border-color: rgb(0, 0, 0);\">两个包，各300</td><td class=\"et22\" width=\"351\" style=\"font-size: 14pt; text-align: center; vertical-align: middle; border-width: 0.5pt; border-color: rgb(0, 0, 0);\">海淀区</td><td class=\"et25\" width=\"327\" style=\"font-size: 14pt; vertical-align: middle; white-space: normal; border-width: 0.5pt; border-color: rgb(0, 0, 0);\">8.2下午得到通知，投标取消</td><td class=\"et24\" width=\"351\" style=\"font-size: 14pt; vertical-align: middle; border-width: 0.5pt; border-color: rgb(0, 0, 0);\">2017.08.17早9.30</td></tr><tr><td><br/></td><td class=\"et22\" width=\"419\" style=\"font-size: 14pt; text-align: center; vertical-align: middle; border-width: 0.5pt; border-color: rgb(0, 0, 0);\">4</td><td class=\"et25\" width=\"340\" style=\"font-size: 14pt; vertical-align: middle; white-space: normal; border-width: 0.5pt; border-color: rgb(0, 0, 0);\">通州区东方厂周边棚户区改造（北京市特种水泥厂及造纸七厂）国有土地上住宅房屋征收项目（测绘）</td><td class=\"et22\" width=\"259\" style=\"font-size: 14pt; text-align: center; vertical-align: middle; border-width: 0.5pt; border-color: rgb(0, 0, 0);\">张宇涛</td><td class=\"et24\" width=\"165\" style=\"font-size: 14pt; vertical-align: middle; border-width: 0.5pt; border-color: rgb(0, 0, 0);\">暂无</td><td class=\"et22\" width=\"351\" style=\"font-size: 14pt; text-align: center; vertical-align: middle; border-width: 0.5pt; border-color: rgb(0, 0, 0);\"><br/></td><td class=\"et25\" width=\"327\" style=\"font-size: 14pt; vertical-align: middle; white-space: normal; border-width: 0.5pt; border-color: rgb(0, 0, 0);\">8.2日早报名</td><td class=\"et24\" width=\"351\" style=\"font-size: 14pt; vertical-align: middle; border-width: 0.5pt; border-color: rgb(0, 0, 0);\">暂无</td></tr><tr><td><br/></td><td class=\"et22\" width=\"419\" style=\"font-size: 14pt; text-align: center; vertical-align: middle; border-width: 0.5pt; border-color: rgb(0, 0, 0);\">5</td><td class=\"et25\" width=\"340\" style=\"font-size: 14pt; vertical-align: middle; white-space: normal; border-width: 0.5pt; border-color: rgb(0, 0, 0);\">北京新机场临空经济区市政交通配套工程大礼路（大广高速—京台高速）、永兴河北路（大广高速—磁大路）、青礼路旧线（场北联络线—大礼路）道路工程测量放线项目</td><td class=\"et26\" width=\"259\" style=\"font-size: 14pt; text-align: center; vertical-align: middle; white-space: normal; border-width: 0.5pt; border-color: rgb(0, 0, 0);\">张宇涛<br/>李如佳<br/>董工</td><td class=\"et24\" width=\"165\" style=\"font-size: 14pt; vertical-align: middle; border-width: 0.5pt; border-color: rgb(0, 0, 0);\">无</td><td class=\"et22\" width=\"351\" style=\"font-size: 14pt; text-align: center; vertical-align: middle; border-width: 0.5pt; border-color: rgb(0, 0, 0);\">礼贤</td><td class=\"et25\" width=\"327\" style=\"font-size: 14pt; vertical-align: middle; white-space: normal; border-width: 0.5pt; border-color: rgb(0, 0, 0);\">下午接到标书<br/>8.3日开始编写</td><td class=\"et24\" width=\"351\" style=\"font-size: 14pt; vertical-align: middle; border-width: 0.5pt; border-color: rgb(0, 0, 0);\">预计下周一/二</td></tr><tr><td><br/></td><td><br/></td><td><br/></td><td><br/></td><td><br/></td><td><br/></td><td><br/></td><td><br/></td></tr><tr><td class=\"et5\" colspan=\"7\" width=\"1599\" style=\"font-size: 20pt; text-align: center; vertical-align: middle;\"><span class=\"font3\">测绘</span><span class=\"font0\">&nbsp;&nbsp;房产&nbsp;&nbsp;</span><span class=\"font3\">&nbsp;部工作日报表</span></td><td><br/></td></tr><tr><td class=\"et6\" width=\"31\" style=\"font-size: 12pt; font-weight: 700; text-align: center; vertical-align: middle; border-width: 0.5pt; border-color: rgb(0, 0, 0);\">序号</td><td class=\"et6\" width=\"419\" style=\"font-size: 12pt; font-weight: 700; text-align: center; vertical-align: middle; border-width: 0.5pt; border-color: rgb(0, 0, 0);\">项目名称</td><td class=\"et6\" width=\"340\" style=\"font-size: 12pt; font-weight: 700; text-align: center; vertical-align: middle; border-width: 0.5pt; border-color: rgb(0, 0, 0);\">项目负责人</td><td class=\"et6\" width=\"259\" style=\"font-size: 12pt; font-weight: 700; text-align: center; vertical-align: middle; border-width: 0.5pt; border-color: rgb(0, 0, 0);\">项目组员</td><td class=\"et6\" width=\"165\" style=\"font-size: 12pt; font-weight: 700; text-align: center; vertical-align: middle; border-width: 0.5pt; border-color: rgb(0, 0, 0);\">开始时间</td><td class=\"et6\" width=\"351\" style=\"font-size: 12pt; font-weight: 700; text-align: center; vertical-align: middle; border-width: 0.5pt; border-color: rgb(0, 0, 0);\">进展状态</td><td class=\"et6\" width=\"327\" style=\"font-size: 12pt; font-weight: 700; text-align: center; vertical-align: middle; border-width: 0.5pt; border-color: rgb(0, 0, 0);\">备注</td><td><br/></td></tr><tr><td class=\"et7\" width=\"31\" style=\"font-size: 12pt; text-align: center; vertical-align: middle; border-width: 0.5pt; border-color: rgb(0, 0, 0);\">1</td><td class=\"et8\" width=\"419\" style=\"font-size: 12pt; text-align: center; vertical-align: middle; border-width: 0.5pt; border-color: rgb(0, 0, 0); background: rgb(228, 223, 236);\">北京密码备案</td><td class=\"et8\" width=\"340\" style=\"font-size: 12pt; text-align: center; vertical-align: middle; border-width: 0.5pt; border-color: rgb(0, 0, 0); background: rgb(228, 223, 236);\">唐天玮</td><td class=\"et9\" width=\"259\" style=\"font-size: 12pt; vertical-align: middle; border-width: 0.5pt; border-color: rgb(0, 0, 0); background: rgb(228, 223, 236);\"><br/></td><td class=\"et8\" width=\"165\" style=\"font-size: 12pt; text-align: center; vertical-align: middle; border-width: 0.5pt; border-color: rgb(0, 0, 0); background: rgb(228, 223, 236);\"><br/></td><td class=\"et10\" width=\"351\" style=\"font-size: 12pt; text-align: center; vertical-align: middle; white-space: normal; border-width: 0.5pt; border-color: rgb(0, 0, 0); background: rgb(228, 223, 236);\">无进展</td><td class=\"et8\" width=\"327\" style=\"font-size: 12pt; text-align: center; vertical-align: middle; border-width: 0.5pt; border-color: rgb(0, 0, 0); background: rgb(228, 223, 236);\"><br/></td><td><br/></td></tr><tr><td class=\"et7\" width=\"31\" style=\"font-size: 12pt; text-align: center; vertical-align: middle; border-width: 0.5pt; border-color: rgb(0, 0, 0);\">2</td><td class=\"et8\" width=\"419\" style=\"font-size: 12pt; text-align: center; vertical-align: middle; border-width: 0.5pt; border-color: rgb(0, 0, 0); background: rgb(228, 223, 236);\">中铁西区备案</td><td class=\"et8\" width=\"340\" style=\"font-size: 12pt; text-align: center; vertical-align: middle; border-width: 0.5pt; border-color: rgb(0, 0, 0); background: rgb(228, 223, 236);\">杜雪峰</td><td class=\"et9\" width=\"259\" style=\"font-size: 12pt; vertical-align: middle; border-width: 0.5pt; border-color: rgb(0, 0, 0); background: rgb(228, 223, 236);\">张景颜、唐天玮</td><td class=\"et8\" width=\"165\" style=\"font-size: 12pt; text-align: center; vertical-align: middle; border-width: 0.5pt; border-color: rgb(0, 0, 0); background: rgb(228, 223, 236);\"><br/></td><td class=\"et27\" width=\"351\" style=\"font-size: 12pt; text-align: center; vertical-align: middle; white-space: normal; background: rgb(228, 223, 236);\">住宅和配套的现场已经和报规图对完，正在汇总结果。问题严重的是25#配套，因为甲方正在办公使用，所以现场改动较大。周五给甲方一个汇总的电子版结果</td><td class=\"et8\" width=\"327\" style=\"font-size: 12pt; text-align: center; vertical-align: middle; border-width: 0.5pt; border-color: rgb(0, 0, 0); background: rgb(228, 223, 236);\"><br/></td><td><br/></td></tr><tr><td class=\"et7\" width=\"31\" style=\"font-size: 12pt; text-align: center; vertical-align: middle; border-width: 0.5pt; border-color: rgb(0, 0, 0);\">3</td><td class=\"et8\" width=\"419\" style=\"font-size: 12pt; text-align: center; vertical-align: middle; border-width: 0.5pt; border-color: rgb(0, 0, 0); background: rgb(228, 223, 236);\">顺义枯柳树项目备案</td><td class=\"et8\" width=\"340\" style=\"font-size: 12pt; text-align: center; vertical-align: middle; border-width: 0.5pt; border-color: rgb(0, 0, 0); background: rgb(228, 223, 236);\">杜雪峰</td><td class=\"et9\" width=\"259\" style=\"font-size: 12pt; vertical-align: middle; border-width: 0.5pt; border-color: rgb(0, 0, 0); background: rgb(228, 223, 236);\"><br/></td><td class=\"et8\" width=\"165\" style=\"font-size: 12pt; text-align: center; vertical-align: middle; border-width: 0.5pt; border-color: rgb(0, 0, 0); background: rgb(228, 223, 236);\"><br/></td><td class=\"et10\" width=\"351\" style=\"font-size: 12pt; text-align: center; vertical-align: middle; white-space: normal; border-width: 0.5pt; border-color: rgb(0, 0, 0); background: rgb(228, 223, 236);\">无进展</td><td class=\"et8\" width=\"327\" style=\"font-size: 12pt; text-align: center; vertical-align: middle; border-width: 0.5pt; border-color: rgb(0, 0, 0); background: rgb(228, 223, 236);\"><br/></td><td><br/></td></tr><tr><td class=\"et7\" width=\"31\" style=\"font-size: 12pt; text-align: center; vertical-align: middle; border-width: 0.5pt; border-color: rgb(0, 0, 0);\">4</td><td class=\"et7\" width=\"419\" style=\"font-size: 12pt; text-align: center; vertical-align: middle; border-width: 0.5pt; border-color: rgb(0, 0, 0);\">鸿坤0509、0306、0902地块备案</td><td class=\"et7\" width=\"340\" style=\"font-size: 12pt; text-align: center; vertical-align: middle; border-width: 0.5pt; border-color: rgb(0, 0, 0);\">杜雪峰（请假）</td><td class=\"et28\" width=\"259\" style=\"font-size: 12pt; vertical-align: middle; border-width: 0.5pt; border-color: rgb(0, 0, 0);\">吕韬（0306地块）</td><td class=\"et29\" width=\"165\" style=\"font-size: 12pt; text-align: center; vertical-align: middle; border-width: 0.5pt; border-color: rgb(0, 0, 0);\"><br/></td><td class=\"et30\" width=\"351\" style=\"font-size: 12pt; text-align: center; vertical-align: middle; white-space: normal; border-width: 0.5pt; border-color: rgb(0, 0, 0);\">草图、对报规图</td><td class=\"et7\" width=\"327\" style=\"font-size: 12pt; text-align: center; vertical-align: middle; border-width: 0.5pt; border-color: rgb(0, 0, 0);\"><br/></td><td><br/></td></tr><tr><td class=\"et7\" width=\"31\" style=\"font-size: 12pt; text-align: center; vertical-align: middle; border-width: 0.5pt; border-color: rgb(0, 0, 0);\">5</td><td class=\"et7\" width=\"419\" style=\"font-size: 12pt; text-align: center; vertical-align: middle; border-width: 0.5pt; border-color: rgb(0, 0, 0);\">印刷学院<br/>绿色印刷包装产业技术科研（实习、实训）楼（绿色包装产业技术科研（实习、实训）楼工程）</td><td class=\"et7\" width=\"340\" style=\"font-size: 12pt; text-align: center; vertical-align: middle; border-width: 0.5pt; border-color: rgb(0, 0, 0);\">张景颜</td><td class=\"et28\" width=\"259\" style=\"font-size: 12pt; vertical-align: middle; border-width: 0.5pt; border-color: rgb(0, 0, 0);\"><br/></td><td class=\"et7\" width=\"165\" style=\"font-size: 12pt; text-align: center; vertical-align: middle; border-width: 0.5pt; border-color: rgb(0, 0, 0);\"><br/></td><td class=\"et7\" width=\"351\" style=\"font-size: 12pt; text-align: center; vertical-align: middle; border-width: 0.5pt; border-color: rgb(0, 0, 0);\">已经交质检</td><td class=\"et30\" width=\"327\" style=\"font-size: 12pt; text-align: center; vertical-align: middle; white-space: normal; border-width: 0.5pt; border-color: rgb(0, 0, 0);\">规划验收</td><td><br/></td></tr><tr><td class=\"et33\" colspan=\"7\" width=\"1599\" style=\"font-size: 16pt; vertical-align: middle;\">其他工作：</td><td><br/></td></tr><tr><td class=\"et7\" width=\"31\" style=\"font-size: 12pt; text-align: center; vertical-align: middle; border-width: 0.5pt; border-color: rgb(0, 0, 0);\"><br/></td><td class=\"et34\" width=\"419\" style=\"font-size: 12pt; vertical-align: middle; border-width: 0.5pt; border-color: rgb(0, 0, 0);\"><br/></td><td class=\"et7\" width=\"340\" style=\"font-size: 12pt; text-align: center; vertical-align: middle; border-width: 0.5pt; border-color: rgb(0, 0, 0);\"><br/></td><td class=\"et34\" width=\"259\" style=\"font-size: 12pt; vertical-align: middle; border-width: 0.5pt; border-color: rgb(0, 0, 0);\"><br/></td><td class=\"et7\" width=\"165\" style=\"font-size: 12pt; text-align: center; vertical-align: middle; border-width: 0.5pt; border-color: rgb(0, 0, 0);\"><br/></td><td class=\"et30\" width=\"351\" style=\"font-size: 12pt; text-align: center; vertical-align: middle; white-space: normal; border-width: 0.5pt; border-color: rgb(0, 0, 0);\"><br/></td><td class=\"et34\" width=\"327\" style=\"font-size: 12pt; vertical-align: middle; border-width: 0.5pt; border-color: rgb(0, 0, 0);\"><br/></td><td><br/></td></tr><tr><td class=\"et7\" width=\"31\" style=\"font-size: 12pt; text-align: center; vertical-align: middle; border-width: 0.5pt; border-color: rgb(0, 0, 0);\"><br/></td><td class=\"et34\" width=\"419\" style=\"font-size: 12pt; vertical-align: middle; border-width: 0.5pt; border-color: rgb(0, 0, 0);\"><br/></td><td class=\"et7\" width=\"340\" style=\"font-size: 12pt; text-align: center; vertical-align: middle; border-width: 0.5pt; border-color: rgb(0, 0, 0);\"><br/></td><td class=\"et34\" width=\"259\" style=\"font-size: 12pt; vertical-align: middle; border-width: 0.5pt; border-color: rgb(0, 0, 0);\"><br/></td><td class=\"et7\" width=\"165\" style=\"font-size: 12pt; text-align: center; vertical-align: middle; border-width: 0.5pt; border-color: rgb(0, 0, 0);\"><br/></td><td class=\"et34\" width=\"351\" style=\"font-size: 12pt; vertical-align: middle; border-width: 0.5pt; border-color: rgb(0, 0, 0);\"><br/></td><td class=\"et34\" width=\"327\" style=\"font-size: 12pt; vertical-align: middle; border-width: 0.5pt; border-color: rgb(0, 0, 0);\"><br/></td><td><br/></td></tr><tr><td class=\"et7\" width=\"31\" style=\"font-size: 12pt; text-align: center; vertical-align: middle; border-width: 0.5pt; border-color: rgb(0, 0, 0);\"><br/></td><td class=\"et34\" width=\"419\" style=\"font-size: 12pt; vertical-align: middle; border-width: 0.5pt; border-color: rgb(0, 0, 0);\"><br/></td><td class=\"et7\" width=\"340\" style=\"font-size: 12pt; text-align: center; vertical-align: middle; border-width: 0.5pt; border-color: rgb(0, 0, 0);\"><br/></td><td class=\"et34\" width=\"259\" style=\"font-size: 12pt; vertical-align: middle; border-width: 0.5pt; border-color: rgb(0, 0, 0);\"><br/></td><td class=\"et7\" width=\"165\" style=\"font-size: 12pt; text-align: center; vertical-align: middle; border-width: 0.5pt; border-color: rgb(0, 0, 0);\"><br/></td><td class=\"et34\" width=\"351\" style=\"font-size: 12pt; vertical-align: middle; border-width: 0.5pt; border-color: rgb(0, 0, 0);\"><br/></td><td class=\"et34\" width=\"327\" style=\"font-size: 12pt; vertical-align: middle; border-width: 0.5pt; border-color: rgb(0, 0, 0);\"><br/></td><td><br/></td></tr><tr><td><br/></td><td><br/></td><td><br/></td><td><br/></td><td><br/></td><td><br/></td><td><br/></td><td><br/></td></tr><tr><td><br/></td><td><br/></td><td><br/></td><td><br/></td><td><br/></td><td><br/></td><td><br/></td><td><br/></td></tr><tr><td><br/></td><td><br/></td><td><br/></td><td><br/></td><td><br/></td><td><br/></td><td><br/></td><td><br/></td></tr><tr><td><br/></td><td><br/></td><td><br/></td><td><br/></td><td><br/></td><td><br/></td><td><br/></td><td><br/></td></tr><tr><td><br/></td><td><br/></td><td><br/></td><td><br/></td><td><br/></td><td><br/></td><td><br/></td><td><br/></td></tr><tr><td><br/></td><td><br/></td><td><br/></td><td><br/></td><td><br/></td><td><br/></td><td><br/></td><td><br/></td></tr><tr><td><br/></td><td><br/></td><td><br/></td><td><br/></td><td><br/></td><td><br/></td><td><br/></td><td><br/></td></tr><tr><td><br/></td><td><br/></td><td><br/></td><td><br/></td><td><br/></td><td><br/></td><td><br/></td><td><br/></td></tr><tr><td><br/></td><td><br/></td><td><br/></td><td><br/></td><td><br/></td><td><br/></td><td><br/></td><td><br/></td></tr><tr><td><br/></td><td><br/></td><td><br/></td><td><br/></td><td><br/></td><td><br/></td><td><br/></td><td><br/></td></tr><tr><td><br/></td><td><br/></td><td><br/></td><td><br/></td><td><br/></td><td><br/></td><td><br/></td><td><br/></td></tr><tr><td><br/></td><td><br/></td><td><br/></td><td><br/></td><td><br/></td><td><br/></td><td><br/></td><td><br/></td></tr><tr><td><br/></td><td><br/></td><td><br/></td><td><br/></td><td><br/></td><td><br/></td><td><br/></td><td><br/></td></tr><tr><td><br/></td><td><br/></td><td><br/></td><td><br/></td><td><br/></td><td><br/></td><td><br/></td><td><br/></td></tr><tr><td><br/></td><td><br/></td><td><br/></td><td><br/></td><td><br/></td><td><br/></td><td><br/></td><td><br/></td></tr><tr><td><br/></td><td><br/></td><td><br/></td><td><br/></td><td><br/></td><td><br/></td><td><br/></td><td><br/></td></tr><tr><td><br/></td><td><br/></td><td><br/></td><td><br/></td><td><br/></td><td><br/></td><td><br/></td><td><br/></td></tr></tbody></table><p><br/></p>','2017-08-02','工作日报'),(8,8,'2017-8-3房产日报','<table><tbody><tr class=\"firstRow\"><td width=\"171\" valign=\"top\" style=\"word-break: break-all;\"><span style=\"font-size: 10px;\">项目名称</span></td><td width=\"171\" valign=\"top\" style=\"word-break: break-all;\"><span style=\"font-size: 10px;\">项目负责人</span></td><td width=\"171\" valign=\"top\" style=\"word-break: break-all;\"><span style=\"font-size: 10px;\">组员</span></td><td width=\"171\" valign=\"top\" style=\"word-break: break-all;\"><span style=\"font-size: 10px;\">进展状态</span></td></tr><tr><td width=\"171\" valign=\"top\" style=\"word-break: break-all;\"><span style=\"font-size: 10px;\">中铁西区备案</span></td><td width=\"171\" valign=\"top\" style=\"word-break: break-all;\"><span style=\"font-size: 10px;\">杜雪峰</span></td><td width=\"171\" valign=\"top\" style=\"word-break: break-all;\"><span style=\"font-size: 10px;\">张景颜、唐天玮</span></td><td width=\"171\" valign=\"top\" style=\"word-break: break-all;\"><span style=\"font-size: 10px;\">住宅和配套的问题已经汇总成电子版。问题严重的是25#配套，因为甲方正在办公使用，所以现场改动较大。周五给甲方一个汇总的电子版结果</span></td></tr><tr><td width=\"171\" valign=\"top\" style=\"word-break: break-all;\"><span style=\"font-size: 10px;\">鸿坤0306地块备案</span></td><td width=\"171\" valign=\"top\" style=\"word-break: break-all;\"><span style=\"font-size: 10px;\">吕韬</span></td><td width=\"171\" valign=\"top\"><br/></td><td width=\"171\" valign=\"top\" style=\"word-break: break-all;\"><span style=\"font-size: 10px;\">草图</span></td></tr><tr><td valign=\"top\" colspan=\"1\" rowspan=\"1\" style=\"word-break: break-all;\"><span style=\"font-size: 10px;\">1#住宅楼等4项（和泓四季定向安置房项目）</span></td><td valign=\"top\" colspan=\"1\" rowspan=\"1\" style=\"word-break: break-all;\"><span style=\"font-size: 10px;\">唐天玮</span></td><td valign=\"top\" colspan=\"1\" rowspan=\"1\"><br/></td><td valign=\"top\" colspan=\"1\" rowspan=\"1\" style=\"word-break: break-all;\"><span style=\"font-size: 10px;\">对报规图，明天上午去现场和甲方沟通问题（2#、7#实测备案）</span></td></tr><tr><td width=\"171\" valign=\"top\" style=\"word-break: break-all;\"><p><span style=\"font-size: 10px;\">印刷学院</span></p><p><span style=\"font-size: 10px;\">绿色印刷包装产业技术科研（实习、实训）楼（绿色包装产业技术科研（实习、实训）楼工程）</span></p></td><td width=\"171\" valign=\"top\" style=\"word-break: break-all;\"><span style=\"font-size: 10px;\">张景颜</span></td><td width=\"171\" valign=\"top\"><br/></td><td width=\"171\" valign=\"top\" style=\"word-break: break-all;\"><span style=\"font-size: 10px;\">检查后改问题</span></td></tr></tbody></table><p><br/></p>','2017-08-03','工作日报'),(9,9,'2017.8.3','<p>上午，不动产权证书和不动产登记证明。下午，不动产登记资料查询结果证明、实地查看询问记录。</p>','2017-08-03','工作日报'),(10,12,'2017.8.3','<p>&nbsp; 上午：对赵庄子合同，改变更错误；下午：整理确权村变更明细（马帅）。 &nbsp;上午，不动产权证书和不动产登记证明。下午，不动产登记资料查询结果证明、实地查看询问记录。2017年8月3日</p>','2017-08-03','工作日报'),(11,13,'0803工作日报','<table width=\"2272\" style=\"width: 752px;\"><colgroup><col width=\"42\"/><col width=\"559\"/><col width=\"454\"/><col width=\"346\"/><col width=\"220\"/><col width=\"469\"/><col width=\"472\"/><col width=\"468\"/></colgroup><tbody><tr class=\"firstRow\"><td class=\"et6\" colspan=\"7\" width=\"1599\" style=\"font-size: 20pt; text-align: center; vertical-align: middle;\"><span class=\"font3\">测绘</span><span class=\"font0\">&nbsp;&nbsp;工程&nbsp;&nbsp;</span><span class=\"font3\">&nbsp;部工作日报表</span></td><td><br/></td></tr><tr><td class=\"et7\" width=\"31\" style=\"font-size: 12pt; font-weight: 700; text-align: center; vertical-align: middle; border-left-width: 0.5pt; border-left-color: rgb(0, 0, 0); border-right-width: 0.5pt; border-right-color: rgb(0, 0, 0); border-top-width: 0.5pt; border-top-color: rgb(0, 0, 0);\">序号</td><td class=\"et7\" width=\"419\" style=\"font-size: 12pt; font-weight: 700; text-align: center; vertical-align: middle; border-left-width: 0.5pt; border-left-color: rgb(0, 0, 0); border-right-width: 0.5pt; border-right-color: rgb(0, 0, 0); border-top-width: 0.5pt; border-top-color: rgb(0, 0, 0);\">项目名称</td><td class=\"et7\" width=\"340\" style=\"font-size: 12pt; font-weight: 700; text-align: center; vertical-align: middle; border-left-width: 0.5pt; border-left-color: rgb(0, 0, 0); border-right-width: 0.5pt; border-right-color: rgb(0, 0, 0); border-top-width: 0.5pt; border-top-color: rgb(0, 0, 0);\">项目负责人</td><td class=\"et7\" width=\"259\" style=\"font-size: 12pt; font-weight: 700; text-align: center; vertical-align: middle; border-left-width: 0.5pt; border-left-color: rgb(0, 0, 0); border-right-width: 0.5pt; border-right-color: rgb(0, 0, 0); border-top-width: 0.5pt; border-top-color: rgb(0, 0, 0);\">项目组员</td><td class=\"et7\" width=\"165\" style=\"font-size: 12pt; font-weight: 700; text-align: center; vertical-align: middle; border-left-width: 0.5pt; border-left-color: rgb(0, 0, 0); border-right-width: 0.5pt; border-right-color: rgb(0, 0, 0); border-top-width: 0.5pt; border-top-color: rgb(0, 0, 0);\">开始时间</td><td class=\"et7\" width=\"351\" style=\"font-size: 12pt; font-weight: 700; text-align: center; vertical-align: middle; border-left-width: 0.5pt; border-left-color: rgb(0, 0, 0); border-right-width: 0.5pt; border-right-color: rgb(0, 0, 0); border-top-width: 0.5pt; border-top-color: rgb(0, 0, 0);\">进展状态</td><td class=\"et7\" width=\"354\" style=\"font-size: 12pt; font-weight: 700; text-align: center; vertical-align: middle; border-left-width: 0.5pt; border-left-color: rgb(0, 0, 0); border-right-width: 0.5pt; border-right-color: rgb(0, 0, 0); border-top-width: 0.5pt; border-top-color: rgb(0, 0, 0);\">备注</td><td><br/></td></tr><tr><td class=\"et8\" width=\"31\" style=\"font-size: 12pt; text-align: center; vertical-align: middle; border-width: 0.5pt; border-color: rgb(0, 0, 0);\">1</td><td class=\"et9\" width=\"419\" style=\"font-size: 14pt; text-align: center; vertical-align: middle; white-space: normal; border-width: 0.5pt; border-color: rgb(0, 0, 0);\">经四路和经四西路工程</td><td class=\"et9\" width=\"340\" style=\"font-size: 14pt; text-align: center; vertical-align: middle; white-space: normal; border-width: 0.5pt; border-color: rgb(0, 0, 0);\">赵阳阳</td><td class=\"et9\" width=\"259\" style=\"font-size: 14pt; text-align: center; vertical-align: middle; white-space: normal; border-width: 0.5pt; border-color: rgb(0, 0, 0);\">王浩&nbsp;&nbsp;周军亚&nbsp;王振昌&nbsp;&nbsp;高世奇&nbsp;&nbsp;王利标&nbsp;&nbsp;张武典</td><td class=\"et9\" width=\"165\" style=\"font-size: 14pt; text-align: center; vertical-align: middle; white-space: normal; border-width: 0.5pt; border-color: rgb(0, 0, 0);\">20170725</td><td class=\"et9\" width=\"351\" style=\"font-size: 14pt; text-align: center; vertical-align: middle; white-space: normal; border-width: 0.5pt; border-color: rgb(0, 0, 0);\">道路竣工外业完成&nbsp;&nbsp;管线竣工差再生水的</td><td class=\"et9\" width=\"354\" style=\"font-size: 14pt; text-align: center; vertical-align: middle; white-space: normal; border-width: 0.5pt; border-color: rgb(0, 0, 0);\">T型头钩子到了&nbsp;&nbsp;&nbsp;应采育地形27.28停工，导线测量完成，水准测量完成70%</td><td><br/></td></tr><tr><td class=\"et8\" width=\"31\" style=\"font-size: 12pt; text-align: center; vertical-align: middle; border-width: 0.5pt; border-color: rgb(0, 0, 0);\">2</td><td class=\"et9\" width=\"419\" style=\"font-size: 14pt; text-align: center; vertical-align: middle; white-space: normal; border-width: 0.5pt; border-color: rgb(0, 0, 0);\">水厂东区水准</td><td class=\"et9\" width=\"340\" style=\"font-size: 14pt; text-align: center; vertical-align: middle; white-space: normal; border-width: 0.5pt; border-color: rgb(0, 0, 0);\">郭文强</td><td class=\"et9\" width=\"259\" style=\"font-size: 14pt; text-align: center; vertical-align: middle; white-space: normal; border-width: 0.5pt; border-color: rgb(0, 0, 0);\">耿玉杰</td><td class=\"et9\" width=\"165\" style=\"font-size: 14pt; text-align: center; vertical-align: middle; white-space: normal; border-width: 0.5pt; border-color: rgb(0, 0, 0);\">20170802</td><td class=\"et9\" width=\"351\" style=\"font-size: 14pt; text-align: center; vertical-align: middle; white-space: normal; border-width: 0.5pt; border-color: rgb(0, 0, 0);\">完成</td><td class=\"et9\" width=\"354\" style=\"font-size: 14pt; text-align: center; vertical-align: middle; white-space: normal; border-width: 0.5pt; border-color: rgb(0, 0, 0);\"><br/></td><td><br/></td></tr><tr><td class=\"et8\" width=\"31\" style=\"font-size: 12pt; text-align: center; vertical-align: middle; border-width: 0.5pt; border-color: rgb(0, 0, 0);\">3</td><td class=\"et9\" width=\"419\" style=\"font-size: 14pt; text-align: center; vertical-align: middle; white-space: normal; border-width: 0.5pt; border-color: rgb(0, 0, 0);\">中轴路地形</td><td class=\"et9\" width=\"340\" style=\"font-size: 14pt; text-align: center; vertical-align: middle; white-space: normal; border-width: 0.5pt; border-color: rgb(0, 0, 0);\">武建江</td><td class=\"et9\" width=\"259\" style=\"font-size: 14pt; text-align: center; vertical-align: middle; white-space: normal; border-width: 0.5pt; border-color: rgb(0, 0, 0);\">项目部9人</td><td class=\"et9\" width=\"165\" style=\"font-size: 14pt; text-align: center; vertical-align: middle; white-space: normal; border-width: 0.5pt; border-color: rgb(0, 0, 0);\">20170719</td><td class=\"et9\" width=\"351\" style=\"font-size: 14pt; text-align: center; vertical-align: middle; white-space: normal; border-width: 0.5pt; border-color: rgb(0, 0, 0);\">外业完成95%</td><td class=\"et9\" width=\"354\" style=\"font-size: 14pt; text-align: center; vertical-align: middle; white-space: normal; border-width: 0.5pt; border-color: rgb(0, 0, 0);\">还有700米左右测完，部分还需要补测&nbsp;全部完成修好图还需要几天</td><td><br/></td></tr><tr><td class=\"et2\" width=\"31\" style=\"font-size: 12pt; text-align: center; vertical-align: middle;\"><br/></td><td class=\"et1\" width=\"419\" style=\"font-size: 12pt; vertical-align: middle;\"><br/></td><td class=\"et2\" width=\"340\" style=\"font-size: 12pt; text-align: center; vertical-align: middle;\"><br/></td><td class=\"et1\" width=\"259\" style=\"font-size: 12pt; vertical-align: middle;\"><br/></td><td class=\"et2\" width=\"165\" style=\"font-size: 12pt; text-align: center; vertical-align: middle;\"><br/></td><td class=\"et12\" width=\"351\" style=\"font-size: 12pt; text-align: center; vertical-align: middle; white-space: normal;\"><br/></td><td class=\"et1\" width=\"354\" style=\"font-size: 12pt; vertical-align: middle;\"><br/></td><td><br/></td></tr><tr><td class=\"et2\" width=\"31\" style=\"font-size: 12pt; text-align: center; vertical-align: middle;\"><br/></td><td class=\"et6\" colspan=\"7\" width=\"2309\" style=\"font-size: 20pt; text-align: center; vertical-align: middle;\"><span class=\"font3\">测绘</span><span class=\"font0\">&nbsp;&nbsp;业务/投标&nbsp;&nbsp;</span><span class=\"font3\">&nbsp;部工作日报表</span></td></tr><tr><td class=\"et2\" width=\"31\" style=\"font-size: 12pt; text-align: center; vertical-align: middle;\"><br/></td><td class=\"et6\" width=\"419\" style=\"font-size: 20pt; text-align: center; vertical-align: middle;\"><br/></td><td class=\"et13\" width=\"340\" style=\"font-size: 20pt; vertical-align: middle;\"><br/></td><td class=\"et6\" width=\"259\" style=\"font-size: 20pt; text-align: center; vertical-align: middle;\"><br/></td><td class=\"et6\" width=\"165\" style=\"font-size: 20pt; text-align: center; vertical-align: middle;\"><br/></td><td class=\"et6\" width=\"351\" style=\"font-size: 20pt; text-align: center; vertical-align: middle;\"><br/></td><td class=\"et2\" colspan=\"2\" width=\"708\" style=\"font-size: 12pt; text-align: center; vertical-align: middle;\"><br/></td></tr><tr><td><br/></td><td class=\"et15\" width=\"419\" style=\"font-size: 12pt; font-weight: 700; text-align: center; vertical-align: middle; border-width: 0.5pt; border-color: rgb(0, 0, 0);\">序号</td><td class=\"et16\" width=\"340\" style=\"font-size: 12pt; font-weight: 700; vertical-align: middle; border-width: 0.5pt; border-color: rgb(0, 0, 0);\">项目名称</td><td class=\"et15\" width=\"259\" style=\"font-size: 12pt; font-weight: 700; text-align: center; vertical-align: middle; border-width: 0.5pt; border-color: rgb(0, 0, 0);\">主持人</td><td class=\"et15\" width=\"165\" style=\"font-size: 12pt; font-weight: 700; text-align: center; vertical-align: middle; border-width: 0.5pt; border-color: rgb(0, 0, 0);\">投标保证金</td><td class=\"et15\" width=\"351\" style=\"font-size: 12pt; font-weight: 700; text-align: center; vertical-align: middle; border-width: 0.5pt; border-color: rgb(0, 0, 0);\">开标地点</td><td class=\"et15\" width=\"354\" style=\"font-size: 12pt; font-weight: 700; text-align: center; vertical-align: middle; border-width: 0.5pt; border-color: rgb(0, 0, 0);\">进展状态</td><td class=\"et15\" width=\"351\" style=\"font-size: 12pt; font-weight: 700; text-align: center; vertical-align: middle; border-width: 0.5pt; border-color: rgb(0, 0, 0);\">开标时间</td></tr><tr><td><br/></td><td class=\"et17\" width=\"419\" style=\"font-size: 14pt; text-align: center; vertical-align: middle; border-width: 0.5pt; border-color: rgb(0, 0, 0);\">1</td><td class=\"et18\" width=\"340\" style=\"font-size: 14pt; vertical-align: middle; white-space: normal; border-left-width: 0.5pt; border-left-color: rgb(0, 0, 0); border-right-width: 0.5pt; border-right-color: rgb(0, 0, 0); border-top-width: 0.5pt; border-top-color: rgb(0, 0, 0);\">丰台科技园区交通综合治理工程勘察物探</td><td class=\"et19\" width=\"259\" style=\"font-size: 14pt; text-align: center; vertical-align: middle; border-left-width: 0.5pt; border-left-color: rgb(0, 0, 0); border-right-width: 0.5pt; border-right-color: rgb(0, 0, 0); border-top-width: 0.5pt; border-top-color: rgb(0, 0, 0);\">张宇涛</td><td class=\"et20\" width=\"165\" style=\"font-size: 14pt; vertical-align: middle; border-left-width: 0.5pt; border-left-color: rgb(0, 0, 0); border-right-width: 0.5pt; border-right-color: rgb(0, 0, 0); border-top-width: 0.5pt; border-top-color: rgb(0, 0, 0);\">标书200&nbsp;保证金18000</td><td class=\"et21\" width=\"351\" style=\"font-size: 14pt; text-align: center; vertical-align: middle; white-space: normal; border-left-width: 0.5pt; border-left-color: rgb(0, 0, 0); border-right-width: 0.5pt; border-right-color: rgb(0, 0, 0); border-top-width: 0.5pt; border-top-color: rgb(0, 0, 0);\">丰台</td><td class=\"et18\" width=\"354\" style=\"font-size: 14pt; vertical-align: middle; white-space: normal; border-left-width: 0.5pt; border-left-color: rgb(0, 0, 0); border-right-width: 0.5pt; border-right-color: rgb(0, 0, 0); border-top-width: 0.5pt; border-top-color: rgb(0, 0, 0);\">7.31日上午装订，盖章<br/></td><td class=\"et20\" width=\"351\" style=\"font-size: 14pt; vertical-align: middle; border-left-width: 0.5pt; border-left-color: rgb(0, 0, 0); border-right-width: 0.5pt; border-right-color: rgb(0, 0, 0); border-top-width: 0.5pt; border-top-color: rgb(0, 0, 0);\">2017.08.16&nbsp;&nbsp;早9：30</td></tr><tr><td><br/></td><td class=\"et17\" width=\"419\" style=\"font-size: 14pt; text-align: center; vertical-align: middle; border-width: 0.5pt; border-color: rgb(0, 0, 0);\">2</td><td class=\"et22\" width=\"340\" style=\"font-size: 14pt; vertical-align: middle; border-width: 0.5pt; border-color: rgb(0, 0, 0);\">北京市通州区张家湾梁各庄220千伏输变电工程测绘</td><td class=\"et17\" width=\"259\" style=\"font-size: 14pt; text-align: center; vertical-align: middle; border-width: 0.5pt; border-color: rgb(0, 0, 0);\">张宇涛</td><td class=\"et23\" width=\"165\" style=\"font-size: 14pt; vertical-align: middle; border-width: 0.5pt; border-color: rgb(0, 0, 0);\">标书400</td><td class=\"et17\" width=\"351\" style=\"font-size: 14pt; text-align: center; vertical-align: middle; border-width: 0.5pt; border-color: rgb(0, 0, 0);\">通州张家湾镇</td><td class=\"et24\" width=\"354\" style=\"font-size: 14pt; vertical-align: middle; white-space: normal; border-width: 0.5pt; border-color: rgb(0, 0, 0);\">8.3早已全部盖章</td><td class=\"et23\" width=\"351\" style=\"font-size: 14pt; vertical-align: middle; border-width: 0.5pt; border-color: rgb(0, 0, 0);\">2017.08.10</td></tr><tr><td><br/></td><td class=\"et17\" width=\"419\" style=\"font-size: 14pt; text-align: center; vertical-align: middle; border-width: 0.5pt; border-color: rgb(0, 0, 0);\">3</td><td class=\"et24\" width=\"340\" style=\"font-size: 14pt; vertical-align: middle; white-space: normal; border-width: 0.5pt; border-color: rgb(0, 0, 0);\">通州区东方厂周边棚户区改造（北京市特种水泥厂及造纸七厂）国有土地上住宅房屋征收项目（测绘）</td><td class=\"et17\" width=\"259\" style=\"font-size: 14pt; text-align: center; vertical-align: middle; border-width: 0.5pt; border-color: rgb(0, 0, 0);\">张宇涛</td><td class=\"et23\" width=\"165\" style=\"font-size: 14pt; vertical-align: middle; border-width: 0.5pt; border-color: rgb(0, 0, 0);\">暂无</td><td class=\"et17\" width=\"351\" style=\"font-size: 14pt; text-align: center; vertical-align: middle; border-width: 0.5pt; border-color: rgb(0, 0, 0);\"><br/></td><td class=\"et24\" width=\"354\" style=\"font-size: 14pt; vertical-align: middle; white-space: normal; border-width: 0.5pt; border-color: rgb(0, 0, 0);\">8.2日早报名，等通知获取招标文件</td><td class=\"et23\" width=\"351\" style=\"font-size: 14pt; vertical-align: middle; border-width: 0.5pt; border-color: rgb(0, 0, 0);\">暂无</td></tr><tr><td><br/></td><td class=\"et17\" width=\"419\" style=\"font-size: 14pt; text-align: center; vertical-align: middle; border-width: 0.5pt; border-color: rgb(0, 0, 0);\">4</td><td class=\"et24\" width=\"340\" style=\"font-size: 14pt; vertical-align: middle; white-space: normal; border-width: 0.5pt; border-color: rgb(0, 0, 0);\">北京新机场临空经济区市政交通配套工程大礼路（大广高速—京台高速）、永兴河北路（大广高速—磁大路）、青礼路旧线（场北联络线—大礼路）道路工程测量放线项目</td><td class=\"et9\" width=\"259\" style=\"font-size: 14pt; text-align: center; vertical-align: middle; white-space: normal; border-width: 0.5pt; border-color: rgb(0, 0, 0);\">张宇涛<br/>李如佳<br/>董工</td><td class=\"et23\" width=\"165\" style=\"font-size: 14pt; vertical-align: middle; border-width: 0.5pt; border-color: rgb(0, 0, 0);\">无</td><td class=\"et17\" width=\"351\" style=\"font-size: 14pt; text-align: center; vertical-align: middle; border-width: 0.5pt; border-color: rgb(0, 0, 0);\">礼贤</td><td class=\"et24\" width=\"354\" style=\"font-size: 14pt; vertical-align: middle; white-space: normal; border-width: 0.5pt; border-color: rgb(0, 0, 0);\">8.3日投标文件已全部打印<br/>8.4日早上装订盖章密封</td><td class=\"et23\" width=\"351\" style=\"font-size: 14pt; vertical-align: middle; border-width: 0.5pt; border-color: rgb(0, 0, 0);\">预计下周一/二</td></tr><tr><td><br/></td><td><br/></td><td><br/></td><td><br/></td><td><br/></td><td><br/></td><td><br/></td><td><br/></td></tr><tr><td class=\"et6\" colspan=\"7\" width=\"1599\" style=\"font-size: 20pt; text-align: center; vertical-align: middle;\"><span class=\"font3\">测绘</span><span class=\"font0\">&nbsp;&nbsp;房产&nbsp;&nbsp;</span><span class=\"font3\">&nbsp;部工作日报表</span></td><td><br/></td></tr><tr><td class=\"et15\" width=\"31\" style=\"font-size: 12pt; font-weight: 700; text-align: center; vertical-align: middle; border-width: 0.5pt; border-color: rgb(0, 0, 0);\">序号</td><td class=\"et15\" width=\"419\" style=\"font-size: 12pt; font-weight: 700; text-align: center; vertical-align: middle; border-width: 0.5pt; border-color: rgb(0, 0, 0);\">项目名称</td><td class=\"et15\" width=\"340\" style=\"font-size: 12pt; font-weight: 700; text-align: center; vertical-align: middle; border-width: 0.5pt; border-color: rgb(0, 0, 0);\">项目负责人</td><td class=\"et15\" width=\"259\" style=\"font-size: 12pt; font-weight: 700; text-align: center; vertical-align: middle; border-width: 0.5pt; border-color: rgb(0, 0, 0);\">项目组员</td><td class=\"et15\" width=\"165\" style=\"font-size: 12pt; font-weight: 700; text-align: center; vertical-align: middle; border-width: 0.5pt; border-color: rgb(0, 0, 0);\">开始时间</td><td class=\"et15\" width=\"351\" style=\"font-size: 12pt; font-weight: 700; text-align: center; vertical-align: middle; border-width: 0.5pt; border-color: rgb(0, 0, 0);\">进展状态</td><td class=\"et15\" width=\"354\" style=\"font-size: 12pt; font-weight: 700; text-align: center; vertical-align: middle; border-width: 0.5pt; border-color: rgb(0, 0, 0);\">备注</td><td><br/></td></tr><tr><td class=\"et25\" width=\"31\" style=\"font-size: 16pt; text-align: center; vertical-align: middle; border-width: 0.5pt; border-color: rgb(0, 0, 0);\">1</td><td class=\"et24\" width=\"419\" style=\"font-size: 14pt; vertical-align: middle; white-space: normal; border-width: 0.5pt; border-color: rgb(0, 0, 0);\">北京密码备案</td><td class=\"et24\" width=\"340\" style=\"font-size: 14pt; vertical-align: middle; white-space: normal; border-width: 0.5pt; border-color: rgb(0, 0, 0);\">唐天玮</td><td class=\"et24\" width=\"259\" style=\"font-size: 14pt; vertical-align: middle; white-space: normal; border-width: 0.5pt; border-color: rgb(0, 0, 0);\"><br/></td><td class=\"et24\" width=\"165\" style=\"font-size: 14pt; vertical-align: middle; white-space: normal; border-width: 0.5pt; border-color: rgb(0, 0, 0);\"><br/></td><td class=\"et24\" width=\"351\" style=\"font-size: 14pt; vertical-align: middle; white-space: normal; border-width: 0.5pt; border-color: rgb(0, 0, 0);\">无进展</td><td class=\"et26\" width=\"354\" style=\"font-size: 16pt; text-align: center; vertical-align: middle; border-width: 0.5pt; border-color: rgb(0, 0, 0); background: rgb(228, 223, 236);\"><br/></td><td><br/></td></tr><tr><td class=\"et25\" width=\"31\" style=\"font-size: 16pt; text-align: center; vertical-align: middle; border-width: 0.5pt; border-color: rgb(0, 0, 0);\">2</td><td class=\"et24\" width=\"419\" style=\"font-size: 14pt; vertical-align: middle; white-space: normal; border-width: 0.5pt; border-color: rgb(0, 0, 0);\">中铁西区备案</td><td class=\"et24\" width=\"340\" style=\"font-size: 14pt; vertical-align: middle; white-space: normal; border-width: 0.5pt; border-color: rgb(0, 0, 0);\">杜雪峰</td><td class=\"et24\" width=\"259\" style=\"font-size: 14pt; vertical-align: middle; white-space: normal; border-width: 0.5pt; border-color: rgb(0, 0, 0);\">张景颜、唐天玮</td><td class=\"et24\" width=\"165\" style=\"font-size: 14pt; vertical-align: middle; white-space: normal; border-width: 0.5pt; border-color: rgb(0, 0, 0);\"><br/></td><td class=\"et24\" width=\"351\" style=\"font-size: 14pt; vertical-align: middle; white-space: normal; border-width: 0.5pt; border-color: rgb(0, 0, 0);\">住宅和配套的现场已经和报规图对完，正在汇总结果。问题严重的是25#配套，因为甲方正在办公使用，所以现场改动较大。周五给甲方一个汇总的电子版结果</td><td class=\"et26\" width=\"354\" style=\"font-size: 16pt; text-align: center; vertical-align: middle; border-width: 0.5pt; border-color: rgb(0, 0, 0); background: rgb(228, 223, 236);\"><br/></td><td><br/></td></tr><tr><td class=\"et25\" width=\"31\" style=\"font-size: 16pt; text-align: center; vertical-align: middle; border-width: 0.5pt; border-color: rgb(0, 0, 0);\">3</td><td class=\"et24\" width=\"419\" style=\"font-size: 14pt; vertical-align: middle; white-space: normal; border-width: 0.5pt; border-color: rgb(0, 0, 0);\">1#住宅楼等4项（和弘四季定向安置房项目）</td><td class=\"et24\" width=\"340\" style=\"font-size: 14pt; vertical-align: middle; white-space: normal; border-width: 0.5pt; border-color: rgb(0, 0, 0);\">唐天玮</td><td class=\"et24\" width=\"259\" style=\"font-size: 14pt; vertical-align: middle; white-space: normal; border-width: 0.5pt; border-color: rgb(0, 0, 0);\"><br/></td><td class=\"et24\" width=\"165\" style=\"font-size: 14pt; vertical-align: middle; white-space: normal; border-width: 0.5pt; border-color: rgb(0, 0, 0);\"><br/></td><td class=\"et24\" width=\"351\" style=\"font-size: 14pt; vertical-align: middle; white-space: normal; border-width: 0.5pt; border-color: rgb(0, 0, 0);\">对报规图，明天上午去现场和甲方沟通（2#、7#实测备案）</td><td class=\"et26\" width=\"354\" style=\"font-size: 16pt; text-align: center; vertical-align: middle; border-width: 0.5pt; border-color: rgb(0, 0, 0); background: rgb(228, 223, 236);\"><br/></td><td><br/></td></tr><tr><td class=\"et25\" width=\"31\" style=\"font-size: 16pt; text-align: center; vertical-align: middle; border-width: 0.5pt; border-color: rgb(0, 0, 0);\">4</td><td class=\"et24\" width=\"419\" style=\"font-size: 14pt; vertical-align: middle; white-space: normal; border-width: 0.5pt; border-color: rgb(0, 0, 0);\">鸿坤0306地块备案</td><td class=\"et24\" width=\"340\" style=\"font-size: 14pt; vertical-align: middle; white-space: normal; border-width: 0.5pt; border-color: rgb(0, 0, 0);\">杜雪峰（请假）</td><td class=\"et24\" width=\"259\" style=\"font-size: 14pt; vertical-align: middle; white-space: normal; border-width: 0.5pt; border-color: rgb(0, 0, 0);\">吕韬（0306地块）</td><td class=\"et24\" width=\"165\" style=\"font-size: 14pt; vertical-align: middle; white-space: normal; border-width: 0.5pt; border-color: rgb(0, 0, 0);\"><br/></td><td class=\"et24\" width=\"351\" style=\"font-size: 14pt; vertical-align: middle; white-space: normal; border-width: 0.5pt; border-color: rgb(0, 0, 0);\">草图</td><td class=\"et27\" width=\"354\" style=\"font-size: 16pt; text-align: center; vertical-align: middle; white-space: normal; border-width: 0.5pt; border-color: rgb(0, 0, 0);\"><br/></td><td><br/></td></tr><tr><td class=\"et25\" width=\"31\" style=\"font-size: 16pt; text-align: center; vertical-align: middle; border-width: 0.5pt; border-color: rgb(0, 0, 0);\">5</td><td class=\"et24\" width=\"419\" style=\"font-size: 14pt; vertical-align: middle; white-space: normal; border-width: 0.5pt; border-color: rgb(0, 0, 0);\">印刷学院<br/>绿色印刷包装产业技术科研（实习、实训）楼（绿色包装产业技术科研（实习、实训）楼工程）</td><td class=\"et24\" width=\"340\" style=\"font-size: 14pt; vertical-align: middle; white-space: normal; border-width: 0.5pt; border-color: rgb(0, 0, 0);\">张景颜</td><td class=\"et24\" width=\"259\" style=\"font-size: 14pt; vertical-align: middle; white-space: normal; border-width: 0.5pt; border-color: rgb(0, 0, 0);\"><br/></td><td class=\"et24\" width=\"165\" style=\"font-size: 14pt; vertical-align: middle; white-space: normal; border-width: 0.5pt; border-color: rgb(0, 0, 0);\"><br/></td><td class=\"et24\" width=\"351\" style=\"font-size: 14pt; vertical-align: middle; white-space: normal; border-width: 0.5pt; border-color: rgb(0, 0, 0);\">检查后改问题</td><td class=\"et24\" width=\"354\" style=\"font-size: 14pt; vertical-align: middle; white-space: normal; border-width: 0.5pt; border-color: rgb(0, 0, 0);\">规划验收</td><td><br/></td></tr><tr><td class=\"et28\" colspan=\"7\" width=\"1599\" style=\"font-size: 16pt; vertical-align: middle;\">其他工作：</td><td><br/></td></tr><tr><td class=\"et8\" width=\"31\" style=\"font-size: 12pt; text-align: center; vertical-align: middle; border-width: 0.5pt; border-color: rgb(0, 0, 0);\"><br/></td><td class=\"et5\" width=\"419\" style=\"font-size: 12pt; vertical-align: middle; border-width: 0.5pt; border-color: rgb(0, 0, 0);\"><br/></td><td class=\"et8\" width=\"340\" style=\"font-size: 12pt; text-align: center; vertical-align: middle; border-width: 0.5pt; border-color: rgb(0, 0, 0);\"><br/></td><td class=\"et5\" width=\"259\" style=\"font-size: 12pt; vertical-align: middle; border-width: 0.5pt; border-color: rgb(0, 0, 0);\"><br/></td><td class=\"et8\" width=\"165\" style=\"font-size: 12pt; text-align: center; vertical-align: middle; border-width: 0.5pt; border-color: rgb(0, 0, 0);\"><br/></td><td class=\"et29\" width=\"351\" style=\"font-size: 12pt; text-align: center; vertical-align: middle; white-space: normal; border-width: 0.5pt; border-color: rgb(0, 0, 0);\"><br/></td><td class=\"et5\" width=\"354\" style=\"font-size: 12pt; vertical-align: middle; border-width: 0.5pt; border-color: rgb(0, 0, 0);\"><br/></td><td><br/></td></tr><tr><td class=\"et8\" width=\"31\" style=\"font-size: 12pt; text-align: center; vertical-align: middle; border-width: 0.5pt; border-color: rgb(0, 0, 0);\"><br/></td><td class=\"et5\" width=\"419\" style=\"font-size: 12pt; vertical-align: middle; border-width: 0.5pt; border-color: rgb(0, 0, 0);\"><br/></td><td class=\"et8\" width=\"340\" style=\"font-size: 12pt; text-align: center; vertical-align: middle; border-width: 0.5pt; border-color: rgb(0, 0, 0);\"><br/></td><td class=\"et5\" width=\"259\" style=\"font-size: 12pt; vertical-align: middle; border-width: 0.5pt; border-color: rgb(0, 0, 0);\"><br/></td><td class=\"et8\" width=\"165\" style=\"font-size: 12pt; text-align: center; vertical-align: middle; border-width: 0.5pt; border-color: rgb(0, 0, 0);\"><br/></td><td class=\"et5\" width=\"351\" style=\"font-size: 12pt; vertical-align: middle; border-width: 0.5pt; border-color: rgb(0, 0, 0);\"><br/></td><td class=\"et5\" width=\"354\" style=\"font-size: 12pt; vertical-align: middle; border-width: 0.5pt; border-color: rgb(0, 0, 0);\"><br/></td><td><br/></td></tr><tr><td class=\"et8\" width=\"31\" style=\"font-size: 12pt; text-align: center; vertical-align: middle; border-width: 0.5pt; border-color: rgb(0, 0, 0);\"><br/></td><td class=\"et5\" width=\"419\" style=\"font-size: 12pt; vertical-align: middle; border-width: 0.5pt; border-color: rgb(0, 0, 0);\"><br/></td><td class=\"et8\" width=\"340\" style=\"font-size: 12pt; text-align: center; vertical-align: middle; border-width: 0.5pt; border-color: rgb(0, 0, 0);\"><br/></td><td class=\"et5\" width=\"259\" style=\"font-size: 12pt; vertical-align: middle; border-width: 0.5pt; border-color: rgb(0, 0, 0);\"><br/></td><td class=\"et8\" width=\"165\" style=\"font-size: 12pt; text-align: center; vertical-align: middle; border-width: 0.5pt; border-color: rgb(0, 0, 0);\"><br/></td><td class=\"et5\" width=\"351\" style=\"font-size: 12pt; vertical-align: middle; border-width: 0.5pt; border-color: rgb(0, 0, 0);\"><br/></td><td class=\"et5\" width=\"354\" style=\"font-size: 12pt; vertical-align: middle; border-width: 0.5pt; border-color: rgb(0, 0, 0);\"><br/></td><td><br/></td></tr><tr><td><br/></td><td><br/></td><td><br/></td><td><br/></td><td><br/></td><td><br/></td><td><br/></td><td><br/></td></tr><tr><td><br/></td><td><br/></td><td><br/></td><td><br/></td><td><br/></td><td><br/></td><td><br/></td><td><br/></td></tr><tr><td><br/></td><td><br/></td><td><br/></td><td><br/></td><td><br/></td><td><br/></td><td><br/></td><td><br/></td></tr><tr><td><br/></td><td><br/></td><td><br/></td><td><br/></td><td><br/></td><td><br/></td><td><br/></td><td><br/></td></tr><tr><td><br/></td><td><br/></td><td><br/></td><td><br/></td><td><br/></td><td><br/></td><td><br/></td><td><br/></td></tr><tr><td><br/></td><td><br/></td><td><br/></td><td><br/></td><td><br/></td><td><br/></td><td><br/></td><td><br/></td></tr><tr><td><br/></td><td><br/></td><td><br/></td><td><br/></td><td><br/></td><td><br/></td><td><br/></td><td><br/></td></tr><tr><td><br/></td><td><br/></td><td><br/></td><td><br/></td><td><br/></td><td><br/></td><td><br/></td><td><br/></td></tr><tr><td><br/></td><td><br/></td><td><br/></td><td><br/></td><td><br/></td><td><br/></td><td><br/></td><td><br/></td></tr><tr><td><br/></td><td><br/></td><td><br/></td><td><br/></td><td><br/></td><td><br/></td><td><br/></td><td><br/></td></tr><tr><td><br/></td><td><br/></td><td><br/></td><td><br/></td><td><br/></td><td><br/></td><td><br/></td><td><br/></td></tr></tbody></table><p><br/></p>','2017-08-03','工作日报'),(12,12,'2017.8.4','<p>整理确权村变更（公示表、合同、图一致互查）</p>','2017-08-04','工作日报'),(13,8,'2017-8-4','<table><tbody><tr class=\"firstRow\"><td width=\"171\" valign=\"top\" style=\"word-break: break-all;\"><span style=\"font-size: 10px;\">项目名称</span></td><td width=\"171\" valign=\"top\" style=\"word-break: break-all;\"><span style=\"font-size: 10px;\">负责人</span></td><td width=\"171\" valign=\"top\" style=\"word-break: break-all;\"><span style=\"font-size: 10px;\">组员</span></td><td width=\"171\" valign=\"top\" style=\"word-break: break-all;\"><span style=\"font-size: 10px;\">进展状态</span></td></tr><tr><td width=\"171\" valign=\"top\" style=\"word-break: break-all;\"><span style=\"font-size: 10px;\">鸿坤0306地块</span></td><td width=\"171\" valign=\"top\" style=\"word-break: break-all;\"><span style=\"font-size: 10px;\">吕韬</span></td><td width=\"171\" valign=\"top\"><br/></td><td width=\"171\" valign=\"top\" style=\"word-break: break-all;\"><span style=\"font-size: 10px;\">4.0录材料信息，整理成果</span></td></tr><tr><td width=\"171\" valign=\"top\" style=\"word-break: break-all;\"><span style=\"font-size: 10px;\">1#住宅楼等4项（和泓四季定向安置房项目）</span></td><td width=\"171\" valign=\"top\" style=\"word-break: break-all;\"><span style=\"font-size: 10px;\">唐天玮</span></td><td width=\"171\" valign=\"top\"><br/></td><td width=\"171\" valign=\"top\" style=\"word-break: break-all;\"><span style=\"font-size: 10px;\">去现场对了报规图。地下一层有与报规图不一致的地方，问题和甲方的说清楚了，甲方的负责人先去和他们的领导沟通问题</span></td></tr><tr><td width=\"171\" valign=\"top\" style=\"word-break: break-all;\"><span style=\"font-size: 10px;\">张景颜 &nbsp; 请假</span></td><td width=\"171\" valign=\"top\" style=\"word-break: break-all;\"><br/></td><td width=\"171\" valign=\"top\"><br/></td><td width=\"171\" valign=\"top\"><br/></td></tr></tbody></table><p><br/></p>','2017-08-04','工作日报'),(14,13,'0804日报','<table width=\"2272\" style=\"width: 752px;\"><colgroup><col width=\"42\"/><col width=\"559\"/><col width=\"454\"/><col width=\"346\"/><col width=\"220\"/><col width=\"469\"/><col width=\"472\"/><col width=\"468\"/></colgroup><tbody><tr class=\"firstRow\"><td class=\"et6\" colspan=\"7\" width=\"1599\" style=\"font-size: 20pt; text-align: center; vertical-align: middle;\"><span class=\"font3\">测绘</span><span class=\"font0\">&nbsp;&nbsp;工程&nbsp;&nbsp;</span><span class=\"font3\">&nbsp;部工作日报表</span></td><td><br/></td></tr><tr><td class=\"et7\" width=\"31\" style=\"font-size: 12pt; font-weight: 700; text-align: center; vertical-align: middle; border-left-width: 0.5pt; border-left-color: rgb(0, 0, 0); border-right-width: 0.5pt; border-right-color: rgb(0, 0, 0); border-top-width: 0.5pt; border-top-color: rgb(0, 0, 0);\">序号</td><td class=\"et7\" width=\"419\" style=\"font-size: 12pt; font-weight: 700; text-align: center; vertical-align: middle; border-left-width: 0.5pt; border-left-color: rgb(0, 0, 0); border-right-width: 0.5pt; border-right-color: rgb(0, 0, 0); border-top-width: 0.5pt; border-top-color: rgb(0, 0, 0);\">项目名称</td><td class=\"et7\" width=\"340\" style=\"font-size: 12pt; font-weight: 700; text-align: center; vertical-align: middle; border-left-width: 0.5pt; border-left-color: rgb(0, 0, 0); border-right-width: 0.5pt; border-right-color: rgb(0, 0, 0); border-top-width: 0.5pt; border-top-color: rgb(0, 0, 0);\">项目负责人</td><td class=\"et7\" width=\"259\" style=\"font-size: 12pt; font-weight: 700; text-align: center; vertical-align: middle; border-left-width: 0.5pt; border-left-color: rgb(0, 0, 0); border-right-width: 0.5pt; border-right-color: rgb(0, 0, 0); border-top-width: 0.5pt; border-top-color: rgb(0, 0, 0);\">项目组员</td><td class=\"et7\" width=\"165\" style=\"font-size: 12pt; font-weight: 700; text-align: center; vertical-align: middle; border-left-width: 0.5pt; border-left-color: rgb(0, 0, 0); border-right-width: 0.5pt; border-right-color: rgb(0, 0, 0); border-top-width: 0.5pt; border-top-color: rgb(0, 0, 0);\">开始时间</td><td class=\"et7\" width=\"351\" style=\"font-size: 12pt; font-weight: 700; text-align: center; vertical-align: middle; border-left-width: 0.5pt; border-left-color: rgb(0, 0, 0); border-right-width: 0.5pt; border-right-color: rgb(0, 0, 0); border-top-width: 0.5pt; border-top-color: rgb(0, 0, 0);\">进展状态</td><td class=\"et7\" width=\"354\" style=\"font-size: 12pt; font-weight: 700; text-align: center; vertical-align: middle; border-left-width: 0.5pt; border-left-color: rgb(0, 0, 0); border-right-width: 0.5pt; border-right-color: rgb(0, 0, 0); border-top-width: 0.5pt; border-top-color: rgb(0, 0, 0);\">备注</td><td><br/></td></tr><tr><td class=\"et8\" width=\"31\" style=\"font-size: 12pt; text-align: center; vertical-align: middle; border-width: 0.5pt; border-color: rgb(0, 0, 0);\">1</td><td class=\"et9\" width=\"419\" style=\"font-size: 14pt; text-align: center; vertical-align: middle; white-space: normal; border-width: 0.5pt; border-color: rgb(0, 0, 0);\">经四路和经四西路工程</td><td class=\"et9\" width=\"340\" style=\"font-size: 14pt; text-align: center; vertical-align: middle; white-space: normal; border-width: 0.5pt; border-color: rgb(0, 0, 0);\">赵阳阳</td><td class=\"et9\" width=\"259\" style=\"font-size: 14pt; text-align: center; vertical-align: middle; white-space: normal; border-width: 0.5pt; border-color: rgb(0, 0, 0);\">王浩&nbsp;&nbsp;周军亚&nbsp;耿玉杰&nbsp;张武典</td><td class=\"et9\" width=\"165\" style=\"font-size: 14pt; text-align: center; vertical-align: middle; white-space: normal; border-width: 0.5pt; border-color: rgb(0, 0, 0);\">20170725</td><td class=\"et9\" width=\"351\" style=\"font-size: 14pt; text-align: center; vertical-align: middle; white-space: normal; border-width: 0.5pt; border-color: rgb(0, 0, 0);\">道路竣工外业完成&nbsp;&nbsp;管线竣工差再生水的</td><td class=\"et9\" width=\"354\" style=\"font-size: 14pt; text-align: center; vertical-align: middle; white-space: normal; border-width: 0.5pt; border-color: rgb(0, 0, 0);\">T型头钩子到了但尺寸不合适&nbsp;&nbsp;&nbsp;应采育地形27.28停工，导线测量完成，水准测量完成80%&nbsp;&nbsp;&nbsp;水准控制点还没审批通过</td><td><br/></td></tr><tr><td class=\"et8\" width=\"31\" style=\"font-size: 12pt; text-align: center; vertical-align: middle; border-width: 0.5pt; border-color: rgb(0, 0, 0);\">2</td><td class=\"et9\" width=\"419\" style=\"font-size: 14pt; text-align: center; vertical-align: middle; white-space: normal; border-width: 0.5pt; border-color: rgb(0, 0, 0);\">瀛海姜场村竣工测量</td><td class=\"et9\" width=\"340\" style=\"font-size: 14pt; text-align: center; vertical-align: middle; white-space: normal; border-width: 0.5pt; border-color: rgb(0, 0, 0);\">王利标</td><td class=\"et9\" width=\"259\" style=\"font-size: 14pt; text-align: center; vertical-align: middle; white-space: normal; border-width: 0.5pt; border-color: rgb(0, 0, 0);\">王振昌&nbsp;&nbsp;高世奇&nbsp;&nbsp;</td><td class=\"et9\" width=\"165\" style=\"font-size: 14pt; text-align: center; vertical-align: middle; white-space: normal; border-width: 0.5pt; border-color: rgb(0, 0, 0);\">20170802</td><td class=\"et9\" width=\"351\" style=\"font-size: 14pt; text-align: center; vertical-align: middle; white-space: normal; border-width: 0.5pt; border-color: rgb(0, 0, 0);\">完成30%</td><td class=\"et9\" width=\"354\" style=\"font-size: 14pt; text-align: center; vertical-align: middle; white-space: normal; border-width: 0.5pt; border-color: rgb(0, 0, 0);\"><br/></td><td><br/></td></tr><tr><td class=\"et8\" width=\"31\" style=\"font-size: 12pt; text-align: center; vertical-align: middle; border-width: 0.5pt; border-color: rgb(0, 0, 0);\">3</td><td class=\"et9\" width=\"419\" style=\"font-size: 14pt; text-align: center; vertical-align: middle; white-space: normal; border-width: 0.5pt; border-color: rgb(0, 0, 0);\">祁各庄改地</td><td class=\"et9\" width=\"340\" style=\"font-size: 14pt; text-align: center; vertical-align: middle; white-space: normal; border-width: 0.5pt; border-color: rgb(0, 0, 0);\">武建江</td><td class=\"et9\" width=\"259\" style=\"font-size: 14pt; text-align: center; vertical-align: middle; white-space: normal; border-width: 0.5pt; border-color: rgb(0, 0, 0);\"><br/></td><td class=\"et9\" width=\"165\" style=\"font-size: 14pt; text-align: center; vertical-align: middle; white-space: normal; border-width: 0.5pt; border-color: rgb(0, 0, 0);\"><br/></td><td class=\"et9\" width=\"351\" style=\"font-size: 14pt; text-align: center; vertical-align: middle; white-space: normal; border-width: 0.5pt; border-color: rgb(0, 0, 0);\">由于村里没有调整实际面积，村民签字，村里找别的地来填补多余的0.5亩</td><td class=\"et9\" width=\"354\" style=\"font-size: 14pt; text-align: center; vertical-align: middle; white-space: normal; border-width: 0.5pt; border-color: rgb(0, 0, 0);\"><br/></td><td><br/></td></tr><tr><td class=\"et8\" width=\"31\" style=\"font-size: 12pt; text-align: center; vertical-align: middle; border-width: 0.5pt; border-color: rgb(0, 0, 0);\">4</td><td class=\"et9\" width=\"419\" style=\"font-size: 14pt; text-align: center; vertical-align: middle; white-space: normal; border-width: 0.5pt; border-color: rgb(0, 0, 0);\">印刷学院查图</td><td class=\"et9\" width=\"340\" style=\"font-size: 14pt; text-align: center; vertical-align: middle; white-space: normal; border-width: 0.5pt; border-color: rgb(0, 0, 0);\">郭文强</td><td class=\"et9\" width=\"259\" style=\"font-size: 14pt; text-align: center; vertical-align: middle; white-space: normal; border-width: 0.5pt; border-color: rgb(0, 0, 0);\"><br/></td><td class=\"et9\" width=\"165\" style=\"font-size: 14pt; text-align: center; vertical-align: middle; white-space: normal; border-width: 0.5pt; border-color: rgb(0, 0, 0);\"><br/></td><td class=\"et9\" width=\"351\" style=\"font-size: 14pt; text-align: center; vertical-align: middle; white-space: normal; border-width: 0.5pt; border-color: rgb(0, 0, 0);\">质检查图</td><td class=\"et9\" width=\"354\" style=\"font-size: 14pt; text-align: center; vertical-align: middle; white-space: normal; border-width: 0.5pt; border-color: rgb(0, 0, 0);\"><br/></td><td><br/></td></tr><tr><td class=\"et8\" width=\"31\" style=\"font-size: 12pt; text-align: center; vertical-align: middle; border-width: 0.5pt; border-color: rgb(0, 0, 0);\">5</td><td class=\"et9\" width=\"419\" style=\"font-size: 14pt; text-align: center; vertical-align: middle; white-space: normal; border-width: 0.5pt; border-color: rgb(0, 0, 0);\">中轴路地形</td><td class=\"et9\" width=\"340\" style=\"font-size: 14pt; text-align: center; vertical-align: middle; white-space: normal; border-width: 0.5pt; border-color: rgb(0, 0, 0);\">武建江</td><td class=\"et9\" width=\"259\" style=\"font-size: 14pt; text-align: center; vertical-align: middle; white-space: normal; border-width: 0.5pt; border-color: rgb(0, 0, 0);\">项目部9人</td><td class=\"et9\" width=\"165\" style=\"font-size: 14pt; text-align: center; vertical-align: middle; white-space: normal; border-width: 0.5pt; border-color: rgb(0, 0, 0);\">20170719</td><td class=\"et9\" width=\"351\" style=\"font-size: 14pt; text-align: center; vertical-align: middle; white-space: normal; border-width: 0.5pt; border-color: rgb(0, 0, 0);\">外业完成100%</td><td class=\"et9\" width=\"354\" style=\"font-size: 14pt; text-align: center; vertical-align: middle; white-space: normal; border-width: 0.5pt; border-color: rgb(0, 0, 0);\">部分还需要补测&nbsp;全部完成修好图还需要几天</td><td><br/></td></tr><tr><td class=\"et2\" width=\"31\" style=\"font-size: 12pt; text-align: center; vertical-align: middle;\"><br/></td><td class=\"et1\" width=\"419\" style=\"font-size: 12pt; vertical-align: middle;\"><br/></td><td class=\"et2\" width=\"340\" style=\"font-size: 12pt; text-align: center; vertical-align: middle;\"><br/></td><td class=\"et1\" width=\"259\" style=\"font-size: 12pt; vertical-align: middle;\"><br/></td><td class=\"et2\" width=\"165\" style=\"font-size: 12pt; text-align: center; vertical-align: middle;\"><br/></td><td class=\"et12\" width=\"351\" style=\"font-size: 12pt; text-align: center; vertical-align: middle; white-space: normal;\"><br/></td><td class=\"et1\" width=\"354\" style=\"font-size: 12pt; vertical-align: middle;\"><br/></td><td><br/></td></tr><tr><td class=\"et2\" width=\"31\" style=\"font-size: 12pt; text-align: center; vertical-align: middle;\"><br/></td><td class=\"et6\" colspan=\"7\" width=\"2309\" style=\"font-size: 20pt; text-align: center; vertical-align: middle;\"><span class=\"font3\">测绘</span><span class=\"font0\">&nbsp;&nbsp;业务/投标&nbsp;&nbsp;</span><span class=\"font3\">&nbsp;部工作日报表</span></td></tr><tr><td class=\"et2\" width=\"31\" style=\"font-size: 12pt; text-align: center; vertical-align: middle;\"><br/></td><td class=\"et6\" width=\"419\" style=\"font-size: 20pt; text-align: center; vertical-align: middle;\"><br/></td><td class=\"et13\" width=\"340\" style=\"font-size: 20pt; vertical-align: middle;\"><br/></td><td class=\"et6\" width=\"259\" style=\"font-size: 20pt; text-align: center; vertical-align: middle;\"><br/></td><td class=\"et6\" width=\"165\" style=\"font-size: 20pt; text-align: center; vertical-align: middle;\"><br/></td><td class=\"et6\" width=\"351\" style=\"font-size: 20pt; text-align: center; vertical-align: middle;\"><br/></td><td class=\"et2\" colspan=\"2\" width=\"708\" style=\"font-size: 12pt; text-align: center; vertical-align: middle;\"><br/></td></tr><tr><td><br/></td><td class=\"et15\" width=\"419\" style=\"font-size: 12pt; font-weight: 700; text-align: center; vertical-align: middle; border-width: 0.5pt; border-color: rgb(0, 0, 0);\">序号</td><td class=\"et16\" width=\"340\" style=\"font-size: 12pt; font-weight: 700; vertical-align: middle; border-width: 0.5pt; border-color: rgb(0, 0, 0);\">项目名称</td><td class=\"et15\" width=\"259\" style=\"font-size: 12pt; font-weight: 700; text-align: center; vertical-align: middle; border-width: 0.5pt; border-color: rgb(0, 0, 0);\">主持人</td><td class=\"et15\" width=\"165\" style=\"font-size: 12pt; font-weight: 700; text-align: center; vertical-align: middle; border-width: 0.5pt; border-color: rgb(0, 0, 0);\">投标保证金</td><td class=\"et15\" width=\"351\" style=\"font-size: 12pt; font-weight: 700; text-align: center; vertical-align: middle; border-width: 0.5pt; border-color: rgb(0, 0, 0);\">开标地点</td><td class=\"et15\" width=\"354\" style=\"font-size: 12pt; font-weight: 700; text-align: center; vertical-align: middle; border-width: 0.5pt; border-color: rgb(0, 0, 0);\">进展状态</td><td class=\"et15\" width=\"351\" style=\"font-size: 12pt; font-weight: 700; text-align: center; vertical-align: middle; border-width: 0.5pt; border-color: rgb(0, 0, 0);\">开标时间</td></tr><tr><td><br/></td><td class=\"et17\" width=\"419\" style=\"font-size: 14pt; text-align: center; vertical-align: middle;\">1</td><td class=\"et18\" width=\"340\" style=\"font-size: 14pt; vertical-align: middle; white-space: normal; border-left-width: 0.5pt; border-left-color: rgb(0, 0, 0); border-right-width: 0.5pt; border-right-color: rgb(0, 0, 0); border-top-width: 0.5pt; border-top-color: rgb(0, 0, 0);\">丰台科技园区交通综合治理工程勘察物探</td><td class=\"et19\" width=\"259\" style=\"font-size: 14pt; text-align: center; vertical-align: middle; border-left-width: 0.5pt; border-left-color: rgb(0, 0, 0); border-right-width: 0.5pt; border-right-color: rgb(0, 0, 0); border-top-width: 0.5pt; border-top-color: rgb(0, 0, 0);\">张宇涛</td><td class=\"et20\" width=\"165\" style=\"font-size: 14pt; vertical-align: middle; border-left-width: 0.5pt; border-left-color: rgb(0, 0, 0); border-right-width: 0.5pt; border-right-color: rgb(0, 0, 0); border-top-width: 0.5pt; border-top-color: rgb(0, 0, 0);\">标书200&nbsp;保证金18000</td><td class=\"et21\" width=\"351\" style=\"font-size: 14pt; text-align: center; vertical-align: middle; white-space: normal; border-left-width: 0.5pt; border-left-color: rgb(0, 0, 0); border-right-width: 0.5pt; border-right-color: rgb(0, 0, 0); border-top-width: 0.5pt; border-top-color: rgb(0, 0, 0);\">丰台</td><td class=\"et18\" width=\"354\" style=\"font-size: 14pt; vertical-align: middle; white-space: normal; border-left-width: 0.5pt; border-left-color: rgb(0, 0, 0); border-right-width: 0.5pt; border-right-color: rgb(0, 0, 0); border-top-width: 0.5pt; border-top-color: rgb(0, 0, 0);\">7.31日上午装订，盖章<br/></td><td class=\"et20\" width=\"351\" style=\"font-size: 14pt; vertical-align: middle; border-left-width: 0.5pt; border-left-color: rgb(0, 0, 0); border-right-width: 0.5pt; border-right-color: rgb(0, 0, 0); border-top-width: 0.5pt; border-top-color: rgb(0, 0, 0);\">2017.08.16&nbsp;&nbsp;早9：30</td></tr><tr><td><br/></td><td class=\"et22\" width=\"419\" style=\"font-size: 14pt; text-align: center; vertical-align: middle; border-width: 0.5pt; border-color: rgb(0, 0, 0);\">2</td><td class=\"et23\" width=\"340\" style=\"font-size: 14pt; vertical-align: middle; border-width: 0.5pt; border-color: rgb(0, 0, 0);\">北京市通州区张家湾梁各庄220千伏输变电工程测绘</td><td class=\"et22\" width=\"259\" style=\"font-size: 14pt; text-align: center; vertical-align: middle; border-width: 0.5pt; border-color: rgb(0, 0, 0);\">张宇涛</td><td class=\"et24\" width=\"165\" style=\"font-size: 14pt; vertical-align: middle; border-width: 0.5pt; border-color: rgb(0, 0, 0);\">标书400</td><td class=\"et22\" width=\"351\" style=\"font-size: 14pt; text-align: center; vertical-align: middle; border-width: 0.5pt; border-color: rgb(0, 0, 0);\">通州张家湾镇</td><td class=\"et25\" width=\"354\" style=\"font-size: 14pt; vertical-align: middle; white-space: normal; border-width: 0.5pt; border-color: rgb(0, 0, 0);\">8.3早已全部盖章</td><td class=\"et24\" width=\"351\" style=\"font-size: 14pt; vertical-align: middle; border-width: 0.5pt; border-color: rgb(0, 0, 0);\">2017.08.10</td></tr><tr><td><br/></td><td class=\"et22\" width=\"419\" style=\"font-size: 14pt; text-align: center; vertical-align: middle; border-width: 0.5pt; border-color: rgb(0, 0, 0);\">4</td><td class=\"et25\" width=\"340\" style=\"font-size: 14pt; vertical-align: middle; white-space: normal; border-width: 0.5pt; border-color: rgb(0, 0, 0);\">通州区东方厂周边棚户区改造（北京市特种水泥厂及造纸七厂）国有土地上住宅房屋征收项目（测绘）</td><td class=\"et22\" width=\"259\" style=\"font-size: 14pt; text-align: center; vertical-align: middle; border-width: 0.5pt; border-color: rgb(0, 0, 0);\">张宇涛</td><td class=\"et24\" width=\"165\" style=\"font-size: 14pt; vertical-align: middle; border-width: 0.5pt; border-color: rgb(0, 0, 0);\">暂无</td><td class=\"et22\" width=\"351\" style=\"font-size: 14pt; text-align: center; vertical-align: middle; border-width: 0.5pt; border-color: rgb(0, 0, 0);\"><br/></td><td class=\"et25\" width=\"354\" style=\"font-size: 14pt; vertical-align: middle; white-space: normal; border-width: 0.5pt; border-color: rgb(0, 0, 0);\">8.2日早报名，等通知获取招标文件</td><td class=\"et24\" width=\"351\" style=\"font-size: 14pt; vertical-align: middle; border-width: 0.5pt; border-color: rgb(0, 0, 0);\">暂无</td></tr><tr><td><br/></td><td class=\"et22\" width=\"419\" style=\"font-size: 14pt; text-align: center; vertical-align: middle; border-width: 0.5pt; border-color: rgb(0, 0, 0);\">5</td><td class=\"et25\" width=\"340\" style=\"font-size: 14pt; vertical-align: middle; white-space: normal; border-width: 0.5pt; border-color: rgb(0, 0, 0);\">北京新机场临空经济区市政交通配套工程大礼路（大广高速—京台高速）、永兴河北路（大广高速—磁大路）、青礼路旧线（场北联络线—大礼路）道路工程测量放线项目</td><td class=\"et9\" width=\"259\" style=\"font-size: 14pt; text-align: center; vertical-align: middle; white-space: normal; border-width: 0.5pt; border-color: rgb(0, 0, 0);\">张宇涛<br/>李如佳<br/>董工</td><td class=\"et24\" width=\"165\" style=\"font-size: 14pt; vertical-align: middle; border-width: 0.5pt; border-color: rgb(0, 0, 0);\">无</td><td class=\"et22\" width=\"351\" style=\"font-size: 14pt; text-align: center; vertical-align: middle; border-width: 0.5pt; border-color: rgb(0, 0, 0);\">礼贤</td><td class=\"et25\" width=\"354\" style=\"font-size: 14pt; vertical-align: middle; white-space: normal; border-width: 0.5pt; border-color: rgb(0, 0, 0);\">8.4投标文件已密封好</td><td class=\"et24\" width=\"351\" style=\"font-size: 14pt; vertical-align: middle; border-width: 0.5pt; border-color: rgb(0, 0, 0);\">预计下周一/二</td></tr><tr><td><br/></td><td><br/></td><td><br/></td><td><br/></td><td><br/></td><td><br/></td><td><br/></td><td><br/></td></tr><tr><td class=\"et6\" colspan=\"7\" width=\"1599\" style=\"font-size: 20pt; text-align: center; vertical-align: middle;\"><span class=\"font3\">测绘</span><span class=\"font0\">&nbsp;&nbsp;房产&nbsp;&nbsp;</span><span class=\"font3\">&nbsp;部工作日报表</span></td><td><br/></td></tr><tr><td class=\"et15\" width=\"31\" style=\"font-size: 12pt; font-weight: 700; text-align: center; vertical-align: middle; border-width: 0.5pt; border-color: rgb(0, 0, 0);\">序号</td><td class=\"et15\" width=\"419\" style=\"font-size: 12pt; font-weight: 700; text-align: center; vertical-align: middle; border-width: 0.5pt; border-color: rgb(0, 0, 0);\">项目名称</td><td class=\"et15\" width=\"340\" style=\"font-size: 12pt; font-weight: 700; text-align: center; vertical-align: middle; border-width: 0.5pt; border-color: rgb(0, 0, 0);\">项目负责人</td><td class=\"et15\" width=\"259\" style=\"font-size: 12pt; font-weight: 700; text-align: center; vertical-align: middle; border-width: 0.5pt; border-color: rgb(0, 0, 0);\">项目组员</td><td class=\"et15\" width=\"165\" style=\"font-size: 12pt; font-weight: 700; text-align: center; vertical-align: middle; border-width: 0.5pt; border-color: rgb(0, 0, 0);\">开始时间</td><td class=\"et15\" width=\"351\" style=\"font-size: 12pt; font-weight: 700; text-align: center; vertical-align: middle; border-width: 0.5pt; border-color: rgb(0, 0, 0);\">进展状态</td><td class=\"et15\" width=\"354\" style=\"font-size: 12pt; font-weight: 700; text-align: center; vertical-align: middle; border-width: 0.5pt; border-color: rgb(0, 0, 0);\">备注</td><td><br/></td></tr><tr><td class=\"et8\" width=\"31\" style=\"font-size: 12pt; text-align: center; vertical-align: middle; border-width: 0.5pt; border-color: rgb(0, 0, 0);\">1</td><td class=\"et9\" width=\"419\" style=\"font-size: 14pt; text-align: center; vertical-align: middle; white-space: normal; border-width: 0.5pt; border-color: rgb(0, 0, 0);\">北京密码备案</td><td class=\"et9\" width=\"340\" style=\"font-size: 14pt; text-align: center; vertical-align: middle; white-space: normal; border-width: 0.5pt; border-color: rgb(0, 0, 0);\">唐天玮</td><td class=\"et9\" width=\"259\" style=\"font-size: 14pt; text-align: center; vertical-align: middle; white-space: normal; border-width: 0.5pt; border-color: rgb(0, 0, 0);\"><br/></td><td class=\"et9\" width=\"165\" style=\"font-size: 14pt; text-align: center; vertical-align: middle; white-space: normal; border-width: 0.5pt; border-color: rgb(0, 0, 0);\"><br/></td><td class=\"et9\" width=\"351\" style=\"font-size: 14pt; text-align: center; vertical-align: middle; white-space: normal; border-width: 0.5pt; border-color: rgb(0, 0, 0);\">无进展</td><td class=\"et9\" width=\"354\" style=\"font-size: 14pt; text-align: center; vertical-align: middle; white-space: normal; border-width: 0.5pt; border-color: rgb(0, 0, 0);\"><br/></td><td><br/></td></tr><tr><td class=\"et8\" width=\"31\" style=\"font-size: 12pt; text-align: center; vertical-align: middle; border-width: 0.5pt; border-color: rgb(0, 0, 0);\">2</td><td class=\"et9\" width=\"419\" style=\"font-size: 14pt; text-align: center; vertical-align: middle; white-space: normal; border-width: 0.5pt; border-color: rgb(0, 0, 0);\">中铁西区备案</td><td class=\"et9\" width=\"340\" style=\"font-size: 14pt; text-align: center; vertical-align: middle; white-space: normal; border-width: 0.5pt; border-color: rgb(0, 0, 0);\">杜雪峰</td><td class=\"et9\" width=\"259\" style=\"font-size: 14pt; text-align: center; vertical-align: middle; white-space: normal; border-width: 0.5pt; border-color: rgb(0, 0, 0);\">张景颜、唐天玮</td><td class=\"et9\" width=\"165\" style=\"font-size: 14pt; text-align: center; vertical-align: middle; white-space: normal; border-width: 0.5pt; border-color: rgb(0, 0, 0);\"><br/></td><td class=\"et9\" width=\"351\" style=\"font-size: 14pt; text-align: center; vertical-align: middle; white-space: normal; border-width: 0.5pt; border-color: rgb(0, 0, 0);\">无进展</td><td class=\"et9\" width=\"354\" style=\"font-size: 14pt; text-align: center; vertical-align: middle; white-space: normal; border-width: 0.5pt; border-color: rgb(0, 0, 0);\"><br/></td><td><br/></td></tr><tr><td class=\"et8\" width=\"31\" style=\"font-size: 12pt; text-align: center; vertical-align: middle; border-width: 0.5pt; border-color: rgb(0, 0, 0);\">3</td><td class=\"et9\" width=\"419\" style=\"font-size: 14pt; text-align: center; vertical-align: middle; white-space: normal; border-width: 0.5pt; border-color: rgb(0, 0, 0);\">顺义枯柳树项目备案</td><td class=\"et9\" width=\"340\" style=\"font-size: 14pt; text-align: center; vertical-align: middle; white-space: normal; border-width: 0.5pt; border-color: rgb(0, 0, 0);\">杜雪峰</td><td class=\"et9\" width=\"259\" style=\"font-size: 14pt; text-align: center; vertical-align: middle; white-space: normal; border-width: 0.5pt; border-color: rgb(0, 0, 0);\"><br/></td><td class=\"et9\" width=\"165\" style=\"font-size: 14pt; text-align: center; vertical-align: middle; white-space: normal; border-width: 0.5pt; border-color: rgb(0, 0, 0);\"><br/></td><td class=\"et9\" width=\"351\" style=\"font-size: 14pt; text-align: center; vertical-align: middle; white-space: normal; border-width: 0.5pt; border-color: rgb(0, 0, 0);\">无进展</td><td class=\"et9\" width=\"354\" style=\"font-size: 14pt; text-align: center; vertical-align: middle; white-space: normal; border-width: 0.5pt; border-color: rgb(0, 0, 0);\"><br/></td><td><br/></td></tr><tr><td class=\"et8\" width=\"31\" style=\"font-size: 12pt; text-align: center; vertical-align: middle; border-width: 0.5pt; border-color: rgb(0, 0, 0);\">4</td><td class=\"et9\" width=\"419\" style=\"font-size: 14pt; text-align: center; vertical-align: middle; white-space: normal; border-width: 0.5pt; border-color: rgb(0, 0, 0);\">鸿坤0509、0306、0902地块备案</td><td class=\"et9\" width=\"340\" style=\"font-size: 14pt; text-align: center; vertical-align: middle; white-space: normal; border-width: 0.5pt; border-color: rgb(0, 0, 0);\">杜雪峰（请假）</td><td class=\"et9\" width=\"259\" style=\"font-size: 14pt; text-align: center; vertical-align: middle; white-space: normal; border-width: 0.5pt; border-color: rgb(0, 0, 0);\">吕韬（0306地块）</td><td class=\"et9\" width=\"165\" style=\"font-size: 14pt; text-align: center; vertical-align: middle; white-space: normal; border-width: 0.5pt; border-color: rgb(0, 0, 0);\"><br/></td><td class=\"et9\" width=\"351\" style=\"font-size: 14pt; text-align: center; vertical-align: middle; white-space: normal; border-width: 0.5pt; border-color: rgb(0, 0, 0);\">4.0录材料信息，整理成果</td><td class=\"et9\" width=\"354\" style=\"font-size: 14pt; text-align: center; vertical-align: middle; white-space: normal; border-width: 0.5pt; border-color: rgb(0, 0, 0);\"><br/></td><td><br/></td></tr><tr><td class=\"et8\" width=\"31\" style=\"font-size: 12pt; text-align: center; vertical-align: middle; border-width: 0.5pt; border-color: rgb(0, 0, 0);\">5</td><td class=\"et9\" width=\"419\" style=\"font-size: 14pt; text-align: center; vertical-align: middle; white-space: normal; border-width: 0.5pt; border-color: rgb(0, 0, 0);\">印刷学院<br/>绿色印刷包装产业技术科研（实习、实训）楼（绿色包装产业技术科研（实习、实训）楼工程）</td><td class=\"et9\" width=\"340\" style=\"font-size: 14pt; text-align: center; vertical-align: middle; white-space: normal; border-width: 0.5pt; border-color: rgb(0, 0, 0);\">张景颜（请假）</td><td class=\"et9\" width=\"259\" style=\"font-size: 14pt; text-align: center; vertical-align: middle; white-space: normal; border-width: 0.5pt; border-color: rgb(0, 0, 0);\"><br/></td><td class=\"et9\" width=\"165\" style=\"font-size: 14pt; text-align: center; vertical-align: middle; white-space: normal; border-width: 0.5pt; border-color: rgb(0, 0, 0);\"><br/></td><td class=\"et9\" width=\"351\" style=\"font-size: 14pt; text-align: center; vertical-align: middle; white-space: normal; border-width: 0.5pt; border-color: rgb(0, 0, 0);\"><br/></td><td class=\"et9\" width=\"354\" style=\"font-size: 14pt; text-align: center; vertical-align: middle; white-space: normal; border-width: 0.5pt; border-color: rgb(0, 0, 0);\">规划验收</td><td><br/></td></tr><tr><td class=\"et8\" width=\"31\" style=\"font-size: 12pt; text-align: center; vertical-align: middle; border-width: 0.5pt; border-color: rgb(0, 0, 0);\">6</td><td class=\"et9\" width=\"419\" style=\"font-size: 14pt; text-align: center; vertical-align: middle; white-space: normal; border-width: 0.5pt; border-color: rgb(0, 0, 0);\">1#住宅楼等4项（和泓四季定向安置房项目）</td><td class=\"et9\" width=\"340\" style=\"font-size: 14pt; text-align: center; vertical-align: middle; white-space: normal; border-width: 0.5pt; border-color: rgb(0, 0, 0);\">唐天玮</td><td class=\"et9\" width=\"259\" style=\"font-size: 14pt; text-align: center; vertical-align: middle; white-space: normal; border-width: 0.5pt; border-color: rgb(0, 0, 0);\"><br/></td><td class=\"et9\" width=\"165\" style=\"font-size: 14pt; text-align: center; vertical-align: middle; white-space: normal; border-width: 0.5pt; border-color: rgb(0, 0, 0);\"><br/></td><td class=\"et9\" width=\"351\" style=\"font-size: 14pt; text-align: center; vertical-align: middle; white-space: normal; border-width: 0.5pt; border-color: rgb(0, 0, 0);\">去现场对了报规图。地下有与报规图不一致的地方，甲方的先去和他们的领导沟通问题</td><td class=\"et9\" width=\"354\" style=\"font-size: 14pt; text-align: center; vertical-align: middle; white-space: normal; border-width: 0.5pt; border-color: rgb(0, 0, 0);\">2#、7#实测备案</td><td><br/></td></tr><tr><td class=\"et26\" colspan=\"7\" width=\"1599\" style=\"font-size: 16pt; vertical-align: middle;\">其他工作：</td><td><br/></td></tr><tr><td class=\"et8\" width=\"31\" style=\"font-size: 12pt; text-align: center; vertical-align: middle; border-width: 0.5pt; border-color: rgb(0, 0, 0);\"><br/></td><td class=\"et5\" width=\"419\" style=\"font-size: 12pt; vertical-align: middle; border-width: 0.5pt; border-color: rgb(0, 0, 0);\"><br/></td><td class=\"et8\" width=\"340\" style=\"font-size: 12pt; text-align: center; vertical-align: middle; border-width: 0.5pt; border-color: rgb(0, 0, 0);\"><br/></td><td class=\"et5\" width=\"259\" style=\"font-size: 12pt; vertical-align: middle; border-width: 0.5pt; border-color: rgb(0, 0, 0);\"><br/></td><td class=\"et8\" width=\"165\" style=\"font-size: 12pt; text-align: center; vertical-align: middle; border-width: 0.5pt; border-color: rgb(0, 0, 0);\"><br/></td><td class=\"et27\" width=\"351\" style=\"font-size: 12pt; text-align: center; vertical-align: middle; white-space: normal; border-width: 0.5pt; border-color: rgb(0, 0, 0);\"><br/></td><td class=\"et5\" width=\"354\" style=\"font-size: 12pt; vertical-align: middle; border-width: 0.5pt; border-color: rgb(0, 0, 0);\"><br/></td><td><br/></td></tr><tr><td class=\"et8\" width=\"31\" style=\"font-size: 12pt; text-align: center; vertical-align: middle; border-width: 0.5pt; border-color: rgb(0, 0, 0);\"><br/></td><td class=\"et5\" width=\"419\" style=\"font-size: 12pt; vertical-align: middle; border-width: 0.5pt; border-color: rgb(0, 0, 0);\"><br/></td><td class=\"et8\" width=\"340\" style=\"font-size: 12pt; text-align: center; vertical-align: middle; border-width: 0.5pt; border-color: rgb(0, 0, 0);\"><br/></td><td class=\"et5\" width=\"259\" style=\"font-size: 12pt; vertical-align: middle; border-width: 0.5pt; border-color: rgb(0, 0, 0);\"><br/></td><td class=\"et8\" width=\"165\" style=\"font-size: 12pt; text-align: center; vertical-align: middle; border-width: 0.5pt; border-color: rgb(0, 0, 0);\"><br/></td><td class=\"et5\" width=\"351\" style=\"font-size: 12pt; vertical-align: middle; border-width: 0.5pt; border-color: rgb(0, 0, 0);\"><br/></td><td class=\"et5\" width=\"354\" style=\"font-size: 12pt; vertical-align: middle; border-width: 0.5pt; border-color: rgb(0, 0, 0);\"><br/></td><td><br/></td></tr><tr><td class=\"et8\" width=\"31\" style=\"font-size: 12pt; text-align: center; vertical-align: middle; border-width: 0.5pt; border-color: rgb(0, 0, 0);\"><br/></td><td class=\"et5\" width=\"419\" style=\"font-size: 12pt; vertical-align: middle; border-width: 0.5pt; border-color: rgb(0, 0, 0);\"><br/></td><td class=\"et8\" width=\"340\" style=\"font-size: 12pt; text-align: center; vertical-align: middle; border-width: 0.5pt; border-color: rgb(0, 0, 0);\"><br/></td><td class=\"et5\" width=\"259\" style=\"font-size: 12pt; vertical-align: middle; border-width: 0.5pt; border-color: rgb(0, 0, 0);\"><br/></td><td class=\"et8\" width=\"165\" style=\"font-size: 12pt; text-align: center; vertical-align: middle; border-width: 0.5pt; border-color: rgb(0, 0, 0);\"><br/></td><td class=\"et5\" width=\"351\" style=\"font-size: 12pt; vertical-align: middle; border-width: 0.5pt; border-color: rgb(0, 0, 0);\"><br/></td><td class=\"et5\" width=\"354\" style=\"font-size: 12pt; vertical-align: middle; border-width: 0.5pt; border-color: rgb(0, 0, 0);\"><br/></td><td><br/></td></tr><tr><td><br/></td><td class=\"et1\" width=\"419\" style=\"font-size: 12pt; vertical-align: middle;\"><br/></td><td><br/></td><td><br/></td><td><br/></td><td><br/></td><td><br/></td><td><br/></td></tr><tr><td><br/></td><td><br/></td><td><br/></td><td><br/></td><td><br/></td><td><br/></td><td><br/></td><td><br/></td></tr><tr><td><br/></td><td><br/></td><td><br/></td><td><br/></td><td><br/></td><td><br/></td><td><br/></td><td><br/></td></tr><tr><td><br/></td><td><br/></td><td><br/></td><td><br/></td><td><br/></td><td><br/></td><td><br/></td><td><br/></td></tr><tr><td><br/></td><td><br/></td><td><br/></td><td><br/></td><td><br/></td><td><br/></td><td><br/></td><td><br/></td></tr><tr><td><br/></td><td><br/></td><td><br/></td><td><br/></td><td><br/></td><td><br/></td><td><br/></td><td><br/></td></tr><tr><td><br/></td><td><br/></td><td><br/></td><td><br/></td><td><br/></td><td><br/></td><td><br/></td><td><br/></td></tr><tr><td><br/></td><td><br/></td><td><br/></td><td><br/></td><td><br/></td><td><br/></td><td><br/></td><td><br/></td></tr><tr><td><br/></td><td><br/></td><td><br/></td><td><br/></td><td><br/></td><td><br/></td><td><br/></td><td><br/></td></tr><tr><td><br/></td><td><br/></td><td><br/></td><td><br/></td><td><br/></td><td><br/></td><td><br/></td><td><br/></td></tr><tr><td><br/></td><td><br/></td><td><br/></td><td><br/></td><td><br/></td><td><br/></td><td><br/></td><td><br/></td></tr><tr><td><br/></td><td><br/></td><td><br/></td><td><br/></td><td><br/></td><td><br/></td><td><br/></td><td><br/></td></tr><tr><td><br/></td><td><br/></td><td><br/></td><td><br/></td><td><br/></td><td><br/></td><td><br/></td><td><br/></td></tr><tr><td><br/></td><td><br/></td><td><br/></td><td><br/></td><td><br/></td><td><br/></td><td><br/></td><td><br/></td></tr><tr><td><br/></td><td><br/></td><td><br/></td><td><br/></td><td><br/></td><td><br/></td><td><br/></td><td><br/></td></tr></tbody></table><p><br/></p>','2017-08-04','工作日报'),(16,12,'2017.8.5','<p>上午：做工作总结、确权改错；下午：确权改错、做变更（马帅）。2017.8.5</p>','2017-08-05','工作日报');

/*Table structure for table `notice` */

DROP TABLE IF EXISTS `notice`;

CREATE TABLE `notice` (
  `id` int(11) NOT NULL AUTO_INCREMENT,
  `theme` varchar(60) DEFAULT NULL,
  `TEXT` text,
  `user_id` int(11) DEFAULT NULL,
  `release_date` date DEFAULT NULL,
  PRIMARY KEY (`id`),
  KEY `user_id` (`user_id`),
  CONSTRAINT `notice_ibfk_1` FOREIGN KEY (`user_id`) REFERENCES `users` (`id`) ON DELETE CASCADE
) ENGINE=InnoDB AUTO_INCREMENT=4 DEFAULT CHARSET=utf8;

/*Data for the table `notice` */

insert  into `notice`(`id`,`theme`,`TEXT`,`user_id`,`release_date`) values (1,'好消息','<p>清仓处理大甩卖，十五元你买不了吃亏，买不了上当<img src=\"http://img.baidu.com/hi/jx2/j_0013.gif\"/></p>',1,'2017-07-06'),(3,'7-25 OA 系统说明','<p>Oa 系统说明<img src=\"http://img.baidu.com/hi/tsj/t_0004.gif\"/></p>',1,'2017-07-26');

/*Table structure for table `office_supplies` */

DROP TABLE IF EXISTS `office_supplies`;

CREATE TABLE `office_supplies` (
  `id` int(11) NOT NULL AUTO_INCREMENT,
  `goods_name` varchar(50) DEFAULT NULL,
  `goods_number` int(11) DEFAULT NULL,
  `goods_money` float DEFAULT NULL,
  `goods_date` date DEFAULT NULL,
  PRIMARY KEY (`id`)
) ENGINE=InnoDB AUTO_INCREMENT=46 DEFAULT CHARSET=utf8;

/*Data for the table `office_supplies` */

insert  into `office_supplies`(`id`,`goods_name`,`goods_number`,`goods_money`,`goods_date`) values (1,'记号笔（红）',3,2,'2017-07-14'),(2,'记号笔（黑）',6,2,'2017-07-18'),(3,'白板笔',7,0,'2017-07-24'),(4,'中性笔（黑）',3,1,'2017-07-25'),(5,'抽纸',8,5,'2017-08-02'),(6,'HB铅笔',17,0.5,'2017-08-02'),(7,'笔芯（蓝）',19,0.5,'2017-08-02'),(8,'笔芯（黑）',68,0.5,'2017-08-02'),(9,'笔芯（红）',32,0.5,'2017-08-02'),(10,'笔芯（手账专用）',5,0.7,'2017-08-02'),(11,'橡皮',25,1,'2017-08-02'),(12,'支出凭单',10,2,'2017-08-02'),(13,'光盘套',97,0,'2017-08-02'),(14,'支票领用登记单',13,2,'2017-08-02'),(15,'三联收据',1,2,'2017-08-02'),(16,'借款单',8,2,'2017-08-02'),(17,'施工日志',7,10,'2017-08-02'),(18,'文件袋',7,5,'2017-08-02'),(19,'5号电池',6,2,'2017-08-02'),(20,'订书钉',14,2,'2017-08-02'),(21,'印油',2,8,'2017-08-02'),(22,'清洁布',8,6,'2017-08-02'),(23,'B5笔记本',2,2,'2017-08-02'),(24,'无线路由器',2,0,'2017-08-02'),(25,'粘钩',7,1.5,'2017-08-02'),(26,'灯泡',2,7,'2017-08-02'),(27,'凤尾夹',6,12,'2017-08-02'),(28,'垃圾袋',18,3.5,'2017-08-02'),(29,'油画笔',1,2.5,'2017-08-02'),(30,'计算器',1,10,'2017-08-02'),(31,'键盘',7,0,'2017-08-02'),(32,'228DB墨粉',3,79,'2017-08-02'),(33,'S1810墨粉',1,84.5,'2017-08-02'),(34,'针光防水垫套',3,0,'2017-08-02'),(35,'U盘（512M）',17,6.6,'2017-08-02'),(36,'U盘（4G）',2,30,'2017-08-02'),(37,'曲别针',17,1.5,'2017-08-02'),(38,'纸杯',3,9.9,'2017-08-02'),(39,'固体胶（小）',12,1.36,'2017-08-02'),(40,'封面纸',2,28,'2017-08-02'),(41,'复印纸（A4）（箱）',5,73,'2017-08-02'),(42,'复印纸（A3）（包）',3,85,'2017-08-02'),(43,'P228DB鼓粉',1,152.64,'2017-08-02'),(44,'A4装订胶片',10,27.5,'2017-08-04'),(45,'12孔维乐条',2,28,'2017-08-07');

/*Table structure for table `overtime` */

DROP TABLE IF EXISTS `overtime`;

CREATE TABLE `overtime` (
  `id` int(11) NOT NULL AUTO_INCREMENT,
  `requestName` varchar(20) DEFAULT NULL,
  `overtimeText` varchar(250) DEFAULT NULL,
  `overtimeMoney` float DEFAULT NULL,
  `DATE` date DEFAULT NULL,
  `approver` varchar(20) DEFAULT NULL,
  `state` varchar(20) DEFAULT NULL,
  PRIMARY KEY (`id`)
) ENGINE=InnoDB DEFAULT CHARSET=utf8;

/*Data for the table `overtime` */

/*Table structure for table `request_goods` */

DROP TABLE IF EXISTS `request_goods`;

CREATE TABLE `request_goods` (
  `id` int(11) NOT NULL AUTO_INCREMENT,
  `user_id` int(11) DEFAULT NULL,
  `goods_id` int(11) DEFAULT NULL,
  `goods_number` int(11) DEFAULT NULL,
  `approver` varchar(20) DEFAULT NULL,
  `state` varchar(20) DEFAULT NULL,
  `request_date` date DEFAULT NULL,
  `approver_date` date DEFAULT NULL,
  PRIMARY KEY (`id`),
  KEY `user_id` (`user_id`),
  KEY `goods_id` (`goods_id`),
  CONSTRAINT `request_goods_ibfk_1` FOREIGN KEY (`user_id`) REFERENCES `users` (`id`) ON DELETE CASCADE,
  CONSTRAINT `request_goods_ibfk_2` FOREIGN KEY (`goods_id`) REFERENCES `office_supplies` (`id`) ON DELETE CASCADE
) ENGINE=InnoDB AUTO_INCREMENT=14 DEFAULT CHARSET=utf8;

/*Data for the table `request_goods` */

insert  into `request_goods`(`id`,`user_id`,`goods_id`,`goods_number`,`approver`,`state`,`request_date`,`approver_date`) values (4,1,1,15,'李宣','已审批','2017-07-25','2017-08-04'),(6,1,2,15,'李宣','已审批','2017-07-25','2017-08-04'),(7,1,1,20,'李宣','待审批','2017-07-25',NULL),(8,1,3,78,'李宣','待审批','2017-07-25',NULL),(12,5,35,1,'李宣','已审批','2017-08-03','2017-08-04'),(13,16,28,1,'李宣','已审批','2017-08-07','2017-08-07');

/*Table structure for table `request_seal` */

DROP TABLE IF EXISTS `request_seal`;

CREATE TABLE `request_seal` (
  `id` int(11) NOT NULL AUTO_INCREMENT,
  `number` int(11) DEFAULT NULL,
  `user_id` int(11) DEFAULT NULL,
  `project_name` varchar(225) DEFAULT NULL,
  `seal_id` int(11) DEFAULT NULL,
  `pageNumber` int(11) DEFAULT NULL,
  `copiesNumber` int(11) DEFAULT NULL,
  `TEXT` varchar(225) DEFAULT NULL,
  `approver` varchar(20) DEFAULT NULL,
  `request_date` date DEFAULT NULL,
  `agent` varchar(20) DEFAULT NULL,
  `over_date` date DEFAULT NULL,
  `state` varchar(20) DEFAULT NULL,
  `why` varchar(10) DEFAULT NULL,
  PRIMARY KEY (`id`),
  KEY `seal_id` (`seal_id`),
  KEY `user_id` (`user_id`),
  CONSTRAINT `request_seal_ibfk_1` FOREIGN KEY (`seal_id`) REFERENCES `seal` (`id`),
  CONSTRAINT `request_seal_ibfk_2` FOREIGN KEY (`user_id`) REFERENCES `users` (`id`) ON DELETE CASCADE
) ENGINE=InnoDB AUTO_INCREMENT=11 DEFAULT CHARSET=utf8;

/*Data for the table `request_seal` */

insert  into `request_seal`(`id`,`number`,`user_id`,`project_name`,`seal_id`,`pageNumber`,`copiesNumber`,`TEXT`,`approver`,`request_date`,`agent`,`over_date`,`state`,`why`) values (1,123,13,'123',3,123,123,'123','苏海涛','2017-07-24',NULL,NULL,'待审批','是'),(2,123123,13,'123',3,123,123,'123','苏海涛','2017-07-25','李宣','2017-07-25','已审批','是'),(3,11,22,'11',2,11,11,'11','苏海涛','2017-07-26',NULL,NULL,'待审批','否'),(4,22,5,'132121',1,2,12,'1321','苏海涛','2017-07-28',NULL,NULL,'待审批','否'),(5,12,5,'12',1,12,12,'12','苏海涛','2017-07-28',NULL,NULL,'待审批','否'),(6,3,5,'为钱而体育iuyt',1,2,2,'为钱而体育为钱而体育iuytwertyuhwerwthyu','苏海涛','2017-07-28',NULL,NULL,'待审批','否'),(7,20156,5,'丰台科技园区交通综合治理工程勘察物探',4,6,107,'山东齐信招标有限公司','苏海涛','2017-07-28',NULL,NULL,'待审批','否'),(8,10214,3,'北京北京时代峰峻克鲁塞德根深蒂固',1,12,22,'啊嘎嘎是的噶说的对','张璇','2017-07-28',NULL,NULL,'待审批','否'),(9,360,13,'东白疃2017年土地流转确认表、祁各庄土地流转确认单',4,9,3,'给农办和村里','苏海涛','2017-08-07',NULL,NULL,'待审批','否'),(10,361,5,'梁各庄220千伏输变电工程测绘\r\n2017年天坛医院及南四环两侧缓解交通拥堵-丰台科技园区交通综合治理工程勘察物探',4,7,7,'北京坌集信达工程咨询有限公司\r\n山东齐信招标有限公司','苏海涛','2017-08-07',NULL,NULL,'待审批','否');

/*Table structure for table `rest` */

DROP TABLE IF EXISTS `rest`;

CREATE TABLE `rest` (
  `id` int(11) NOT NULL AUTO_INCREMENT,
  `user_id` int(11) DEFAULT NULL,
  `rest_type_id` int(11) DEFAULT NULL,
  `rest_text` varchar(250) DEFAULT NULL,
  `request_date` date DEFAULT NULL,
  `over_date` date DEFAULT NULL,
  `rest_date` float DEFAULT NULL,
  `request_stage` varchar(10) DEFAULT NULL,
  `over_stage` varchar(10) DEFAULT NULL,
  `approver` varchar(20) DEFAULT NULL,
  `state` varchar(20) DEFAULT NULL,
  `appendix` varchar(200) DEFAULT NULL,
  PRIMARY KEY (`id`),
  KEY `rest_type_id` (`rest_type_id`),
  KEY `rest_ibfk_1` (`user_id`),
  CONSTRAINT `rest_ibfk_1` FOREIGN KEY (`user_id`) REFERENCES `users` (`id`) ON DELETE CASCADE,
  CONSTRAINT `rest_ibfk_2` FOREIGN KEY (`rest_type_id`) REFERENCES `rest_type` (`id`)
) ENGINE=InnoDB AUTO_INCREMENT=13 DEFAULT CHARSET=utf8;

/*Data for the table `rest` */

insert  into `rest`(`id`,`user_id`,`rest_type_id`,`rest_text`,`request_date`,`over_date`,`rest_date`,`request_stage`,`over_stage`,`approver`,`state`,`appendix`) values (2,22,1,'感冒输液。','2017-07-22','2017-07-23',1.5,'上午','上午','李海涛','已审批','http://192.168.0.17:8080/zzhjOa/fileUpload/QQ图片20170720115753.jpg'),(5,22,2,'qwe','2017-07-25','2017-07-27',2.5,'上午','上午','耿玉杰','已打回','http://192.168.0.17:8080/zzhjOa/fileUpload/4.JPG'),(6,22,1,'我','2017-07-25','2017-07-28',3.5,'上午','上午','苏海涛','待审批','http://192.168.0.17:8080/zzhjOa/fileUpload/QQ图片20170720115753.jpg'),(7,22,4,'ad','2017-07-31','2017-08-01',1.5,'上午','上午','耿玉杰','待审批',NULL),(8,11,4,'回家看看','2017-08-04','2017-08-04',1,'上午','下午','唐天玮','待审批',NULL),(9,11,4,'回家有事','2017-08-04','2017-08-04',1,'上午','下午','苏海涛','待审批',NULL),(10,22,1,'1234','2017-08-03','2017-08-03',0.5,'上午','上午','耿玉杰','待审批','http://localhost:8080/zzhjOa/fileUpload/新建文本文档.txt'),(11,9,4,'感冒','2017-08-04','2017-08-04',1,'上午','下午','张璇1','待审批',NULL),(12,33,5,'驾校考试，需请假一天。','2017-08-07','2017-08-07',1,'上午','下午','耿玉杰','待审批',NULL);

/*Table structure for table `rest_type` */

DROP TABLE IF EXISTS `rest_type`;

CREATE TABLE `rest_type` (
  `id` int(11) NOT NULL AUTO_INCREMENT,
  `name` varchar(20) DEFAULT NULL,
  PRIMARY KEY (`id`)
) ENGINE=InnoDB AUTO_INCREMENT=6 DEFAULT CHARSET=utf8;

/*Data for the table `rest_type` */

insert  into `rest_type`(`id`,`name`) values (1,'病假'),(2,'婚嫁'),(3,'丧假'),(4,'年假'),(5,'事假');

/*Table structure for table `roles` */

DROP TABLE IF EXISTS `roles`;

CREATE TABLE `roles` (
  `id` int(11) NOT NULL AUTO_INCREMENT,
  `NAME` varchar(30) DEFAULT NULL,
  PRIMARY KEY (`id`)
) ENGINE=InnoDB AUTO_INCREMENT=19 DEFAULT CHARSET=utf8;

/*Data for the table `roles` */

insert  into `roles`(`id`,`NAME`) values (1,'管理员'),(2,'部门经理'),(3,'主管'),(4,'员工'),(7,'总经理'),(8,'副总'),(9,'总经理助理'),(12,'行政'),(13,'人事'),(14,'技术经理'),(15,'质检'),(16,'人事助理'),(17,'行政助理'),(18,'财务');

/*Table structure for table `seal` */

DROP TABLE IF EXISTS `seal`;

CREATE TABLE `seal` (
  `id` int(11) NOT NULL AUTO_INCREMENT,
  `type_name` varchar(20) DEFAULT NULL,
  PRIMARY KEY (`id`)
) ENGINE=InnoDB AUTO_INCREMENT=5 DEFAULT CHARSET=utf8;

/*Data for the table `seal` */

insert  into `seal`(`id`,`type_name`) values (1,'合同章'),(2,'财务章'),(3,'法人章'),(4,'公章');

/*Table structure for table `security_question` */

DROP TABLE IF EXISTS `security_question`;

CREATE TABLE `security_question` (
  `id` int(11) NOT NULL AUTO_INCREMENT,
  `NAME` varchar(50) DEFAULT NULL,
  PRIMARY KEY (`id`)
) ENGINE=InnoDB AUTO_INCREMENT=5 DEFAULT CHARSET=utf8;

/*Data for the table `security_question` */

insert  into `security_question`(`id`,`NAME`) values (1,'你的生日'),(2,'你的大学老师'),(3,'你的职业'),(4,'你爱人的名字');

/*Table structure for table `tasks` */

DROP TABLE IF EXISTS `tasks`;

CREATE TABLE `tasks` (
  `id` int(11) NOT NULL AUTO_INCREMENT,
  `user_name` varchar(50) DEFAULT NULL,
  `task_theme` varchar(50) DEFAULT NULL,
  `task_text` text,
  `task_address` varchar(80) DEFAULT NULL,
  `entrusted_unit` varchar(80) DEFAULT NULL,
  `CLIENT` varchar(50) DEFAULT NULL,
  `client_phone` varchar(50) DEFAULT NULL,
  `task_date` date DEFAULT NULL,
  `recipient` varchar(50) DEFAULT NULL,
  `implement` varchar(50) DEFAULT NULL,
  `implement_date` date DEFAULT NULL,
  `Speed` int(11) DEFAULT NULL,
  `task_phase` varchar(50) DEFAULT NULL,
  `inspection` varchar(20) DEFAULT NULL,
  `inspection_user` varchar(50) DEFAULT NULL,
  `success_date` date DEFAULT NULL,
  `over_date` date DEFAULT NULL,
  `state` varchar(10) DEFAULT NULL,
  PRIMARY KEY (`id`)
) ENGINE=InnoDB AUTO_INCREMENT=13 DEFAULT CHARSET=utf8;

/*Data for the table `tasks` */

insert  into `tasks`(`id`,`user_name`,`task_theme`,`task_text`,`task_address`,`entrusted_unit`,`CLIENT`,`client_phone`,`task_date`,`recipient`,`implement`,`implement_date`,`Speed`,`task_phase`,`inspection`,`inspection_user`,`success_date`,`over_date`,`state`) values (2,'张璇','1112223333','111','111','11','111111','13214587415','2017-07-06','魏桂兴','','2017-07-06',NULL,NULL,NULL,NULL,NULL,'2017-07-14','已下达'),(3,'张璇','1112223333','111','111','11','111111','13214587415','2017-07-06','魏桂兴','','2017-07-06',NULL,NULL,NULL,NULL,'2017-07-07','2017-07-07','已下达'),(4,'苏海涛','微软','请问','而','微软','为人','15003100335','2017-07-06','张武典','耿玉杰','2017-07-24',NULL,NULL,NULL,NULL,'2017-07-21','2017-07-31','已接收'),(5,'张璇','6','6','6','6','士大夫','15005100333','2017-07-06','魏桂兴',NULL,NULL,NULL,NULL,NULL,NULL,NULL,'2017-08-01','已发布'),(6,'苏海涛','随便','描述','大兴','爱的色放','阿斯蒂芬','15003100335','2017-07-07','张武典','aaaa','2017-07-07',100,'质量检测',NULL,NULL,'2017-07-26','2017-08-01','已接收'),(7,'苏海涛','7-24测试','7-24 测试数据','办公总部','中兆恒基总部','本人','15771335613','2017-07-24','张武典','耿玉杰','2017-07-06',85,'外业进行',NULL,NULL,'2017-07-08','2017-07-12','已接收'),(8,'苏海涛','123','123','123','123','123','15771335613','2017-07-24','张武典','耿玉杰','2017-07-23',20,'外业进行',NULL,NULL,NULL,'2017-07-28','已接收'),(9,'苏海涛','7-25','7-25','7-25','7-25','15771335613','15771335613','2017-07-25','张武典',NULL,NULL,NULL,NULL,NULL,NULL,NULL,'2017-07-31','已发布'),(10,'苏海涛','7-26功能说明','功能大概说明','本部','本部','开发部','15771335613','2017-07-25','张武典','耿玉杰','2017-07-20',NULL,NULL,NULL,NULL,'2017-07-24','2017-07-26','已下达'),(11,'苏海涛','66132','66852','66123','6678','6689','15003100335','2017-07-25','张武典',NULL,'2017-07-12',NULL,NULL,NULL,NULL,'2017-07-12','2017-08-25','已发布'),(12,'苏海涛','旭辉地产瀛海姜场村项目竣工测量','竣工验收测量，甲方要求本周四开始进场测绘','大兴区瀛海镇姜场村','北京旭辉地产','薛成龙','13641244809','2017-08-01','张武典','耿玉杰','2017-08-04',NULL,NULL,NULL,NULL,'2017-08-08','2017-08-08','已接收');

/*Table structure for table `users` */

DROP TABLE IF EXISTS `users`;

CREATE TABLE `users` (
  `NAME` varchar(20) DEFAULT NULL,
  `id` int(20) NOT NULL AUTO_INCREMENT,
  `PASSWORD` varchar(30) DEFAULT NULL,
  `sex` varchar(2) DEFAULT NULL,
  `birthday` date DEFAULT NULL,
  `positiveDate` date DEFAULT NULL,
  `role_id` int(11) DEFAULT NULL,
  `departmentId` int(11) DEFAULT NULL,
  `phone` varchar(20) DEFAULT NULL,
  `idCard` int(11) DEFAULT NULL,
  `NATIONAL` varchar(30) DEFAULT NULL,
  `height` float DEFAULT NULL,
  `marital` varchar(5) DEFAULT NULL,
  `face` varchar(10) DEFAULT NULL,
  `address` varchar(50) DEFAULT NULL,
  `graduated_school` varchar(20) DEFAULT NULL,
  `education` varchar(5) DEFAULT NULL,
  `professional` varchar(20) DEFAULT NULL,
  `POSITION` varchar(20) DEFAULT NULL,
  `parent_id` int(11) DEFAULT NULL,
  `state` varchar(10) DEFAULT NULL,
  `induction_date` date DEFAULT NULL,
  `image_name` varchar(80) DEFAULT NULL,
  `security_question_id` int(11) DEFAULT NULL,
  `security_answer` varchar(100) DEFAULT NULL,
  PRIMARY KEY (`id`),
  KEY `departmentId` (`departmentId`),
  KEY `role_id` (`role_id`),
  KEY `security_question_id` (`security_question_id`),
  CONSTRAINT `users_ibfk_1` FOREIGN KEY (`departmentId`) REFERENCES `department` (`id`),
  CONSTRAINT `users_ibfk_2` FOREIGN KEY (`role_id`) REFERENCES `roles` (`id`),
  CONSTRAINT `users_ibfk_3` FOREIGN KEY (`security_question_id`) REFERENCES `security_question` (`id`)
) ENGINE=InnoDB AUTO_INCREMENT=45 DEFAULT CHARSET=utf8;

/*Data for the table `users` */

insert  into `users`(`NAME`,`id`,`PASSWORD`,`sex`,`birthday`,`positiveDate`,`role_id`,`departmentId`,`phone`,`idCard`,`NATIONAL`,`height`,`marital`,`face`,`address`,`graduated_school`,`education`,`professional`,`POSITION`,`parent_id`,`state`,`induction_date`,`image_name`,`security_question_id`,`security_answer`) values ('admin',1,'admins','男','2017-06-22','2017-06-29',1,14,'110',NULL,NULL,NULL,NULL,NULL,NULL,NULL,NULL,NULL,NULL,NULL,NULL,'2017-06-22','2017-05-24_145120.png',1,'今天'),('魏桂兴',3,'wei5201','男','2017-06-16','2017-07-05',2,10,'18311338077',NULL,NULL,NULL,NULL,NULL,NULL,NULL,NULL,NULL,NULL,14,'closed','2017-07-14','Capture001.png',1,'0106'),('李海涛',4,'111','男','2017-06-23',NULL,7,15,'111',NULL,NULL,NULL,NULL,NULL,NULL,NULL,NULL,NULL,NULL,0,'closed',NULL,NULL,1,'111'),('张宇涛',5,'xixi0412','男','1994-09-09','2017-02-21',3,8,'18834233473',NULL,NULL,NULL,NULL,NULL,NULL,NULL,NULL,NULL,NULL,13,'closed','2016-10-28','2cf5e0fe9925bc31fdc4c44e57df8db1ca13704f.jpg',4,'茜茜'),('杨明利',7,'068459','男','1995-01-01','2017-05-01',4,10,'15011425647',NULL,NULL,NULL,NULL,NULL,NULL,NULL,NULL,NULL,NULL,28,'open','2016-07-11','20151210150912_5CQwX.jpeg',1,'0105'),('唐天玮',8,'123','女','1993-07-04',NULL,3,8,'13521078397',NULL,NULL,NULL,NULL,NULL,NULL,NULL,NULL,NULL,NULL,13,'closed',NULL,NULL,1,'19930704'),('潘一宁',9,'111','男','1995-02-03','2017-05-01',3,9,'13671094070',NULL,NULL,NULL,NULL,NULL,NULL,NULL,NULL,NULL,NULL,12,'closed','2016-07-11','DSC_0674.jpg',3,'你猜'),('张景颜',11,'zjy123','女','1993-06-20','2016-10-04',4,8,'18310245869',NULL,NULL,NULL,NULL,NULL,NULL,NULL,NULL,NULL,NULL,8,'open','2016-07-04','',1,'1993-06-20'),('马帅',12,'321','男','1994-03-19','2016-10-11',2,9,'15901099407',NULL,NULL,NULL,NULL,NULL,NULL,NULL,NULL,NULL,NULL,15,'closed','2016-07-11','timg (15).jpg',1,'19940319'),('张武典',13,'156397503zwd','男','1989-01-17','2015-06-01',2,8,'15001305801',NULL,NULL,NULL,NULL,NULL,NULL,NULL,NULL,NULL,NULL,17,'closed','2015-02-27','',1,'19890117'),('张璇',14,'18736052209','女','1990-12-21',NULL,8,10,'13683576845',NULL,NULL,NULL,NULL,NULL,NULL,NULL,NULL,NULL,NULL,4,'closed',NULL,NULL,1,'1221'),('张璇1',15,'18736052209','女','1990-12-21',NULL,8,9,'13683576845',NULL,NULL,NULL,NULL,NULL,NULL,NULL,NULL,NULL,NULL,4,'closed',NULL,NULL,1,'1221'),('李宣',16,'feifei110424','女','1985-09-18','2012-09-21',12,13,'13466522497',NULL,NULL,NULL,NULL,NULL,NULL,NULL,NULL,NULL,NULL,0,'closed','2012-08-21','',1,'1985-09-18'),('苏海涛',17,'123456','男','2017-06-06',NULL,8,8,'13311088255',NULL,NULL,NULL,NULL,NULL,NULL,NULL,NULL,NULL,NULL,4,'closed',NULL,NULL,1,'0702'),('吕韬',18,'14753','女','1996-03-27',NULL,4,8,'15701504157',NULL,NULL,NULL,NULL,NULL,NULL,NULL,NULL,NULL,NULL,8,'open',NULL,NULL,1,'1996'),('王肖燕',20,'190218','女','1990-02-18','2015-06-09',13,12,'15910663763',NULL,NULL,NULL,NULL,NULL,NULL,NULL,NULL,NULL,NULL,4,'closed','2015-03-09','IMG_0481.JPG',1,'19900218'),('耿玉杰',21,'gengyujie123','男','1992-05-03','2016-05-02',3,8,'18730386358',NULL,NULL,NULL,NULL,NULL,NULL,NULL,NULL,NULL,NULL,13,'closed','2016-02-02','',1,'0503'),('aaaa',22,'111','男','2017-07-04',NULL,4,8,'15771335613',NULL,NULL,NULL,NULL,NULL,NULL,NULL,NULL,NULL,NULL,21,'open',NULL,NULL,1,'111'),('张崇奇',27,'123','男','1994-03-14','2017-06-01',4,10,'15530336861',NULL,NULL,NULL,NULL,NULL,NULL,NULL,NULL,NULL,NULL,28,'open','2017-02-20','',1,'123456'),('平芸铖',28,'jmxrpyc','男','2017-11-07',NULL,3,10,'15210860706',NULL,NULL,NULL,NULL,NULL,NULL,NULL,NULL,NULL,NULL,3,'closed',NULL,NULL,1,'1107'),('李国利',30,'810810','女','1984-07-14',NULL,15,8,'13501140185',NULL,NULL,NULL,NULL,NULL,NULL,NULL,NULL,NULL,NULL,13,'closed',NULL,NULL,1,'1984.7.14'),('董向东',31,'123456','男','1968-07-24',NULL,14,8,'13681153685',NULL,NULL,NULL,NULL,NULL,NULL,NULL,NULL,NULL,NULL,0,'closed',NULL,NULL,1,'0724'),('邢子源',32,'lxwdwcwd','男','1994-07-11',NULL,4,10,'17718301391',NULL,NULL,NULL,NULL,NULL,NULL,NULL,NULL,NULL,NULL,0,'open',NULL,NULL,2,'不告诉你'),('赵阳阳',33,'aixy1204','男','1995-10-02','2017-05-01',4,8,'13642037336',NULL,NULL,NULL,NULL,NULL,NULL,NULL,NULL,NULL,NULL,21,'open','2017-03-01','',3,'测绘'),('王浩',34,'19960115','男','1996-01-15',NULL,4,8,'18137669659',NULL,NULL,NULL,NULL,NULL,NULL,NULL,NULL,NULL,NULL,21,'open',NULL,NULL,3,'测绘'),('周军亚',35,'0.0.00..','男','1995-11-08',NULL,4,8,'15194626797',NULL,NULL,NULL,NULL,NULL,NULL,NULL,NULL,NULL,NULL,21,'open',NULL,NULL,1,'19951108'),('赵改华',36,'1208325yue','女','1987-04-22','2016-02-29',4,11,'18501340521',NULL,NULL,NULL,NULL,NULL,NULL,NULL,NULL,NULL,NULL,36,'open','2015-11-30','',2,'李小霞'),('李如佳',37,'123456','男','2000-12-25',NULL,3,8,'15010191225',NULL,NULL,NULL,NULL,NULL,NULL,NULL,NULL,NULL,NULL,13,'closed',NULL,NULL,1,'1225'),('丁义训',38,'wocao123','男','1992-09-23',NULL,2,11,'13716270896',NULL,NULL,NULL,NULL,NULL,NULL,NULL,NULL,NULL,NULL,38,'closed',NULL,NULL,1,'19920923'),('荣家琦',39,'024035','男','1993-10-14','2017-08-08',4,10,'15771335613',NULL,NULL,NULL,NULL,NULL,NULL,NULL,NULL,NULL,NULL,39,'open','2017-06-08','49_avatar_middle.jpg',3,'前端'),('闫欣',40,'0902','女','1991-09-02',NULL,13,12,'13552686816',NULL,NULL,NULL,NULL,NULL,NULL,NULL,NULL,NULL,NULL,4,'closed',NULL,NULL,1,'19910902'),('郭文强',41,'199687','男','1996-12-20',NULL,4,8,'18710803195',NULL,NULL,NULL,NULL,NULL,NULL,NULL,NULL,NULL,NULL,21,'open',NULL,NULL,1,'199687'),('高世奇',42,'GAOSHIQI5322688','男','1992-11-14',NULL,4,8,'15028827510',NULL,NULL,NULL,NULL,NULL,NULL,NULL,NULL,NULL,NULL,21,'open',NULL,NULL,4,'王新月'),('王利标',43,'0323','男','1992-07-25',NULL,4,8,'15934021128',NULL,NULL,NULL,NULL,NULL,NULL,NULL,NULL,NULL,NULL,21,'open',NULL,NULL,1,'0725'),('徐秀辉',44,'2010a7b2013z','女','1983-08-02',NULL,18,14,'13466746836',NULL,NULL,NULL,NULL,NULL,NULL,NULL,NULL,NULL,NULL,4,'closed',NULL,NULL,1,'19830802');

/*Table structure for table `zi_zhi_seal` */

DROP TABLE IF EXISTS `zi_zhi_seal`;

CREATE TABLE `zi_zhi_seal` (
  `id` int(11) NOT NULL AUTO_INCREMENT,
  `number` int(11) DEFAULT NULL,
  `projectName` varchar(225) DEFAULT NULL,
  `pageNumber` int(11) DEFAULT NULL,
  `copiesNumber` int(11) DEFAULT NULL,
  `TEXT` varchar(225) DEFAULT NULL,
  `why` varchar(225) DEFAULT NULL,
  `user_id` int(11) DEFAULT NULL,
  `requestDate` date DEFAULT NULL,
  `approver` varchar(20) DEFAULT NULL,
  `agent` varchar(20) DEFAULT NULL,
  `overDate` date DEFAULT NULL,
  `state` varchar(10) DEFAULT NULL,
  PRIMARY KEY (`id`),
  KEY `user_id` (`user_id`),
  CONSTRAINT `zi_zhi_seal_ibfk_1` FOREIGN KEY (`user_id`) REFERENCES `users` (`id`) ON DELETE CASCADE
) ENGINE=InnoDB AUTO_INCREMENT=11 DEFAULT CHARSET=utf8;

/*Data for the table `zi_zhi_seal` */

insert  into `zi_zhi_seal`(`id`,`number`,`projectName`,`pageNumber`,`copiesNumber`,`TEXT`,`why`,`user_id`,`requestDate`,`approver`,`agent`,`overDate`,`state`) values (1,24,'664',55,55,'4646464','464646',3,'2017-07-05','张璇','李宣','2017-07-25','已审批'),(2,12,'12',12,12,'12','12',13,'2017-07-24','苏海涛',NULL,NULL,'待审批'),(3,123,'123',123,123,'123','123',13,'2017-07-25','苏海涛','admin','2017-07-26','已审批'),(4,234,'fg ',123,123,'sdfsg ','sdfg ',13,'2017-07-25','苏海涛','李宣','2017-07-25','已审批'),(5,1,'首开龙湖地籍调查项目',2,3,'权集报告封皮及内容第一页','坐落变更，备份使用',30,'2017-08-02','李海涛','李宣','2017-08-02','已审批'),(6,223,'生产楼等3项（医疗健康物联网云应用设备技术研究与产业化）',21,3,'报告书','给甲方',8,'2017-08-03','苏海涛',NULL,NULL,'待审批'),(7,1,'首开龙湖地籍调查项目',30,3,'宗地图，宗地草图，宗地现状示意图','图不够，需要补送一下',30,'2017-08-03','苏海涛',NULL,NULL,'待审批'),(8,1,'首开龙湖地籍调查项目',9,3,'宗地图，现状示意图，草图','甲方自己来取（土地证发证时备用）',30,'2017-08-04','苏海涛',NULL,NULL,'待审批'),(9,2,'一号厂房等9项（标准厂房建设项目）',8,2,'灰线报告','甲方存档',30,'2017-08-04','苏海涛',NULL,NULL,'待审批'),(10,227,'东白疃村2017年土地流转面积确认表、祁各庄2017年土地流转确认单',9,3,'东白疃确认表 、祁各庄确认单','给农办和村里',13,'2017-08-07','苏海涛',NULL,NULL,'待审批');

/*!40101 SET SQL_MODE=@OLD_SQL_MODE */;
/*!40014 SET FOREIGN_KEY_CHECKS=@OLD_FOREIGN_KEY_CHECKS */;
/*!40014 SET UNIQUE_CHECKS=@OLD_UNIQUE_CHECKS */;
/*!40111 SET SQL_NOTES=@OLD_SQL_NOTES */;
