<<<<<<< Updated upstream
<?xml version="1.0" encoding="UTF-8"?>
<faceted-project>
  <runtime name="com.genuitec.runtime.generic.jee60"/>
  <fixed facet="jst.web"/>
  <fixed facet="wst.jsdt.web"/>
  <fixed facet="java"/>
  <installed facet="jst.web" version="3.0"/>
  <installed facet="jst.web.jstl" version="1.2.1"/>
  <installed facet="wst.jsdt.web" version="1.0"/>
  <installed facet="java" version="1.7"/>
</faceted-project>
=======
<?xml version="1.0" encoding="UTF-8"?>
<faceted-project>
  <runtime name="com.genuitec.runtime.generic.jee60"/>
  <fixed facet="jst.web"/>
  <fixed facet="wst.jsdt.web"/>
  <fixed facet="java"/>
  <installed facet="jst.web" version="3.0"/>
  <installed facet="jst.web.jstl" version="1.2.1"/>
  <installed facet="wst.jsdt.web" version="1.0"/>
  <installed facet="me.spring" version="3.1"/>
  <installed facet="java" version="1.7"/>
</faceted-project>
>>>>>>> Stashed changes
