<?xml version="1.0" encoding="UTF-8"?>
<!DOCTYPE mapper PUBLIC "http://mybatis.org/dtd/mybatis-3-mapper.dtd" "mybatis-3-mapper.dtd" >
<mapper namespace="com.zzhj.mapper.UsersMapper">
 	<resultMap type="users" id="ud">
		<id column="id" property="id"/>
		<result column="name" property="name"/>
		<result column="password" property="password"/>
		<association property="departmentId" javaType="com.zzhj.po.Department">
			<result column="d_name" property="name"/>
		</association>
		<association property="roleId" javaType="com.zzhj.po.Roles">
			<result column="r_name" property="name"/>
		</association>
	</resultMap>
	
	
	 <resultMap type="users" id="ur">
		<id column="id" property="id"/>
		<result column="name" property="name"/>
		<result column="password" property="password"/>
		<association property="roleId" javaType="com.zzhj.po.Roles">
			<id column="r_id" property="id"/>
		</association>
		<association property="departmentId" javaType="department">
			<result column="d_name" property="name"/>
		</association>
	</resultMap>
	
  	<select id="login" parameterType="users" resultMap="ur">
  		SELECT u.id,u.name,d.name as d_name,u.password,r.id as r_id FROM users u INNER JOIN roles r ON r.id =u.role_id inner join department d on d.id=u.departmentId  WHERE u.name=#{name} AND u.password=#{password}
  	</select>
  	<insert id="save" parameterType="users" keyProperty="id" useGeneratedKeys="true">
  		insert into users(name,password,sex,birthday,phone,departmentId)values(#{name},#{password},#{sex},#{birthday},#{phone},#{departmentId.id})
  	</insert>
  	<select id="queryAll" parameterType="int" resultMap="ud">
  		select u.name,u.password,u.id ,d.name as d_name from users u inner join department d on u.departmentId=d.id  limit #{startPage},#{rows}
  	</select>
  	<select id="roleQueryAll" parameterType="int" resultMap="ud">
  		select u.name,u.password,u.id ,d.name as d_name,r.name as r_name  from users u inner join department d on u.departmentId=d.id inner join roles r on r.id=u.role_id limit #{startPage},#{rows}
  	</select>
  	<select id="totalCount" resultType="int">
  		select count(id) from users
  	</select>
  	<delete id="deleteUser" parameterType="int" >
  		delete from users where id=#{value}
  	</delete>
  	<select id="query" parameterType="int" resultType="users">
  		select name from users where id=#{value}
  	</select>
  	<select id="exist" parameterType="string" resultType="int">
  		select count(id) from users where name=#{value}
  	</select>
  	<update id="updateRole" parameterType="users">
  		update users set role_id=#{roleId.id},parent_id=#{parentId} where name=#{name}
  	</update>
  	
  	<update id="updateUser" parameterType="users">
  		update users set password=#{password} where name=#{name}
  	</update>
  	
  	<select id="queryUser" parameterType="string" resultType="users">
  		SELECT s.id,s.name FROM users s INNER JOIN department d ON d.id=s.departmentId INNER JOIN roles r ON s.role_id = r.id WHERE d.name=#{departmentName}  AND r.name=#{roleName}
  	</select>
  	
  	<select id="queryId" parameterType="String" resultType="int">
  		select u.id from users u inner join roles r on r.id=u.role_id where r.name=#{value}
  	</select>
  	
  	<select id="roleUser" parameterType="users" resultType="userNode">
  		select u.id,u.name as text,u.state,r.name as roleName,d.name as departmentName from users u inner join roles r on u.role_id=r.id 
  		inner join department d on u.departmentId=d.id where 
  		<if test="parentId!=null and parentId!=0">
  			u.parent_id=#{parentId}
  		</if>
  		<if test="parentId==null or parentId==0">
  			u.id=#{id}
  		</if>
  	</select>
  	<select id="userId" parameterType="String" resultType="users">
  		select u.name from users u inner join department d on d.id=u.departmentId INNER JOIN roles r ON r.id =u.role_id where d.name=#{value} and r.name="副总"
  	</select>
  	
  	<select id="parentId" parameterType="int" resultType="users">
  		select parent_id as parentId from users where id=#{value}
  	</select>
</mapper>
