<beans xmlns="http://www.springframework.org/schema/beans"
	xmlns:xsi="http://www.w3.org/2001/XMLSchema-instance" xmlns:mvc="http://www.springframework.org/schema/mvc"
	xmlns:context="http://www.springframework.org/schema/context"
	xmlns:aop="http://www.springframework.org/schema/aop" xmlns:tx="http://www.springframework.org/schema/tx"
	xsi:schemaLocation="http://www.springframework.org/schema/beans 
		http://www.springframework.org/schema/beans/spring-beans-3.2.xsd 
		http://www.springframework.org/schema/mvc 
		http://www.springframework.org/schema/mvc/spring-mvc-3.2.xsd 
		http://www.springframework.org/schema/context 
		http://www.springframework.org/schema/context/spring-context-3.2.xsd 
		http://www.springframework.org/schema/aop 
		http://www.springframework.org/schema/aop/spring-aop-3.2.xsd 
		http://www.springframework.org/schema/tx 
		http://www.springframework.org/schema/tx/spring-tx-3.2.xsd ">
		
		<context:component-scan base-package="com.zzhj.controller,com.zzhj.service"/>
		
		<mvc:annotation-driven>
			<mvc:message-converters register-defaults="true">
    			<bean class="org.springframework.http.converter.StringHttpMessageConverter">
      				<property name="supportedMediaTypes" value = "text/plain;charset=UTF-8" />
   				 </bean>
   			</mvc:message-converters>
		</mvc:annotation-driven>
	
		<bean class="org.springframework.web.servlet.view.InternalResourceViewResolver"></bean>
	
		<!--拦截器 -->
 		<mvc:interceptors>
			<!-- 多个拦截器,顺序执行
			登陆认证拦截器 -->
			<mvc:interceptor>
				<mvc:mapping path="/**"/>
				<bean class="com.zzhj.intercepter.UrlIntercepter"></bean>
			</mvc:interceptor>
		</mvc:interceptors> 
		<!-- 静态资源解析-->
	 	<!-- <mvc:resources location="/js/" mapping="/js/**"/>
		<mvc:resources location="/image/" mapping="/image/**"/> -->
</beans>